stevilka,domaca_ekipa,gostujoca_ekipa,rezultat,krog,datum,ura,liga
3029073,663,677,4-1,1,2019-8-9,21:00,1
3029074,711,687,1-1,1,2019-8-10,16:00,1
3029075,698,670,3-0,1,2019-8-10,16:00,1
3029076,679,674,0-0,1,2019-8-10,16:00,1
3029077,682,680,0-0,1,2019-8-11,15:00,1
3029078,675,665,3-1,1,2019-8-10,18:30,1
3029079,696,703,0-3,1,2019-8-10,16:00,1
3029080,684,676,0-5,1,2019-8-10,13:30,1
3029081,662,661,4-0,1,2019-8-11,17:30,1
3029082,664,660,0-1,1,2019-8-11,15:00,1
3029083,660,698,2-1,2,2019-8-17,13:30,1
3029084,665,711,1-2,2,2019-8-17,16:00,1
3029085,703,684,1-1,2,2019-8-17,16:00,1
3029086,661,682,1-1,2,2019-8-18,17:30,1
3029087,674,696,1-0,2,2019-8-17,16:00,1
3029088,676,675,2-2,2,2019-8-17,18:30,1
3029089,677,664,3-1,2,2019-8-17,16:00,1
3029090,687,679,1-0,2,2019-8-18,15:00,1
3029091,670,663,1-2,2,2019-8-17,16:00,1
3029092,680,662,1-1,2,2019-8-19,21:00,1
3029093,711,676,1-3,3,2019-8-25,15:00,1
3029094,665,674,2-0,3,2019-8-23,21:00,1
3029095,703,670,0-2,3,2019-8-24,16:00,1
3029096,663,660,3-1,3,2019-8-24,18:30,1
3029097,662,679,1-2,3,2019-8-24,16:00,1
3029098,677,661,2-3,3,2019-8-24,13:30,1
3029099,687,682,1-2,3,2019-8-24,16:00,1
3029100,675,664,0-1,3,2019-8-25,17:30,1
3029101,696,684,1-3,3,2019-8-24,16:00,1
3029102,680,698,1-1,3,2019-8-25,17:30,1
3029103,660,675,2-2,4,2019-9-1,17:30,1
3029104,698,663,0-3,4,2019-8-31,18:30,1
3029105,661,687,2-2,4,2019-8-31,16:00,1
3029106,679,665,1-0,4,2019-8-31,16:00,1
3029107,674,680,3-2,4,2019-9-1,15:00,1
3029108,682,711,3-1,4,2019-8-31,16:00,1
3029109,676,703,4-0,4,2019-8-31,16:00,1
3029110,664,696,1-1,4,2019-8-31,16:00,1
3029111,670,662,1-1,4,2019-8-31,13:30,1
3029112,684,677,2-0,4,2019-8-31,16:00,1
3029113,711,674,3-1,5,2019-9-15,15:00,1
3029114,665,684,0-0,5,2019-9-16,21:00,1
3029115,703,698,1-1,5,2019-9-14,16:00,1
3029116,663,664,3-1,5,2019-9-14,13:30,1
3029117,662,682,1-0,5,2019-9-14,16:00,1
3029118,677,676,3-2,5,2019-9-14,18:30,1
3029119,687,670,0-1,5,2019-9-14,16:00,1
3029120,675,679,4-0,5,2019-9-14,16:00,1
3029121,696,660,2-2,5,2019-9-15,17:30,1
3029122,680,661,2-5,5,2019-9-14,16:00,1
3029123,660,665,3-2,6,2019-9-22,17:30,1
3029124,698,677,2-0,6,2019-9-21,16:00,1
3029125,661,663,1-2,6,2019-9-22,17:30,1
3029126,679,680,1-1,6,2019-9-22,15:00,1
3029127,674,687,0-2,6,2019-9-21,16:00,1
3029128,682,675,2-1,6,2019-9-21,13:30,1
3029129,676,696,8-0,6,2019-9-21,16:00,1
3029130,664,703,0-0,6,2019-9-21,18:30,1
3029131,670,711,1-3,6,2019-9-20,21:00,1
3029132,684,662,2-0,6,2019-9-22,15:00,1
3029133,711,684,2-2,7,2019-9-28,16:00,1
3029134,665,698,2-2,7,2019-9-28,16:00,1
3029135,661,703,2-0,7,2019-9-28,16:00,1
3029136,679,677,2-0,7,2019-9-28,16:00,1
3029137,674,676,1-3,7,2019-9-28,18:30,1
3029138,682,664,5-0,7,2019-9-29,17:30,1
3029139,662,660,1-1,7,2019-9-30,21:00,1
3029140,687,663,0-1,7,2019-9-28,13:30,1
3029141,675,670,2-1,7,2019-9-28,16:00,1
3029142,680,696,2-0,7,2019-9-28,16:00,1
3029143,660,711,1-0,8,2019-10-6,15:00,1
3029144,703,675,3-0,8,2019-10-5,13:30,1
3029145,698,674,1-0,8,2019-10-5,16:00,1
3029146,663,682,2-1,8,2019-10-5,16:00,1
3029147,676,680,0-2,8,2019-10-6,15:00,1
3029148,664,662,1-0,8,2019-10-6,17:30,1
3029149,677,665,1-5,8,2019-10-5,16:00,1
3029150,670,661,1-4,8,2019-10-6,15:00,1
3029151,696,687,0-0,8,2019-10-5,16:00,1
3029152,684,679,1-2,8,2019-10-5,18:30,1
3029153,711,677,0-0,9,2019-10-19,16:00,1
3029154,665,703,2-1,9,2019-10-19,16:00,1
3029155,661,664,1-0,9,2019-10-19,16:00,1
3029156,679,676,0-2,9,2019-10-19,18:30,1
3029157,674,684,2-0,9,2019-10-19,13:30,1
3029158,682,698,2-1,9,2019-10-19,16:00,1
3029159,662,663,1-1,9,2019-10-20,17:30,1
3029160,687,660,1-0,9,2019-10-21,21:00,1
3029161,675,696,1-1,9,2019-10-19,16:00,1
3029162,680,670,1-1,9,2019-10-19,16:00,1
3029163,660,679,2-2,10,2019-10-27,17:30,1
3029164,703,674,3-2,10,2019-10-26,16:00,1
3029165,698,661,2-4,10,2019-10-26,18:30,1
3029166,663,675,2-1,10,2019-10-27,17:30,1
3029167,676,665,3-0,10,2019-10-26,13:30,1
3029168,664,680,1-1,10,2019-10-27,15:00,1
3029169,677,662,1-3,10,2019-10-27,17:30,1
3029170,670,682,0-9,10,2019-10-25,21:00,1
3029171,696,711,0-0,10,2019-10-26,16:00,1
3029172,684,687,1-1,10,2019-10-26,16:00,1
3029173,711,662,1-0,11,2019-11-2,13:30,1
3029174,660,680,1-1,11,2019-11-2,16:00,1
3029175,665,663,1-2,11,2019-11-2,16:00,1
3029176,703,677,2-0,11,2019-11-2,16:00,1
3029177,679,682,0-2,11,2019-11-3,15:00,1
3029178,674,675,1-1,11,2019-11-3,17:30,1
3029179,676,670,2-1,11,2019-11-2,16:00,1
3029180,687,698,3-0,11,2019-11-2,16:00,1
3029181,696,661,1-2,11,2019-11-2,18:30,1
3029182,684,664,2-3,11,2019-11-2,16:00,1
3029183,698,684,3-0,12,2019-11-9,16:00,1
3029184,661,679,2-0,12,2019-11-9,13:30,1
3029185,682,660,2-0,12,2019-11-9,18:30,1
3029186,663,676,3-1,12,2019-11-10,17:30,1
3029187,662,703,3-1,12,2019-11-10,15:00,1
3029188,664,711,2-1,12,2019-11-9,16:00,1
3029189,677,696,0-2,12,2019-11-8,21:00,1
3029190,670,674,1-2,12,2019-11-9,16:00,1
3029191,675,687,1-1,12,2019-11-9,16:00,1
3029192,680,665,2-1,12,2019-11-10,15:00,1
3029193,711,680,1-2,13,2019-11-23,16:00,1
3029194,660,670,2-2,13,2019-11-23,16:00,1
3029195,665,664,2-0,13,2019-11-25,21:00,1
3029196,703,682,0-2,13,2019-11-23,16:00,1
3029197,679,663,1-2,13,2019-11-23,16:00,1
3029198,674,677,0-2,13,2019-11-23,16:00,1
3029199,676,661,2-1,13,2019-11-23,18:30,1
3029200,687,662,3-3,13,2019-11-24,17:30,1
3029201,696,698,0-3,13,2019-11-23,16:00,1
3029202,684,675,2-3,13,2019-11-23,13:30,1
3029203,698,679,0-2,14,2019-11-30,16:00,1
3029204,661,684,0-1,14,2019-11-30,16:00,1
3029205,682,674,2-1,14,2019-12-1,17:30,1
3029206,663,703,2-1,14,2019-11-30,16:00,1
3029207,662,665,2-2,14,2019-12-1,17:30,1
3029208,664,676,2-2,14,2019-11-30,13:30,1
3029209,677,660,2-2,14,2019-12-1,15:00,1
3029210,670,696,2-1,14,2019-11-30,18:30,1
3029211,675,711,3-2,14,2019-11-30,16:00,1
3029212,680,687,1-1,14,2019-12-1,15:00,1
3029213,660,703,1-2,15,2019-12-5,21:15,1
3029214,698,676,1-4,15,2019-12-3,21:15,1
3029215,682,696,2-0,15,2019-12-4,20:30,1
3029216,662,675,2-1,15,2019-12-4,20:30,1
3029217,687,664,0-2,15,2019-12-5,20:30,1
3029218,680,684,2-0,15,2019-12-4,20:30,1
3029219,661,665,2-1,15,2019-12-4,20:30,1
3029220,679,711,1-0,15,2019-12-3,20:30,1
3029221,663,674,5-2,15,2019-12-4,21:15,1
3029222,670,677,2-1,15,2019-12-4,20:30,1
3029223,711,663,0-3,16,2019-12-7,16:00,1
3029224,665,682,1-4,16,2019-12-8,15:00,1
3029225,703,680,2-2,16,2019-12-8,17:30,1
3029226,674,661,3-1,16,2019-12-7,13:30,1
3029227,676,662,1-2,16,2019-12-7,18:30,1
3029228,664,670,2-1,16,2019-12-8,15:00,1
3029229,677,687,1-2,16,2019-12-8,15:00,1
3029230,675,698,5-0,16,2019-12-7,16:00,1
3029231,696,679,0-0,16,2019-12-7,16:00,1
3029232,684,660,1-3,16,2019-12-9,21:00,1
3029233,660,676,0-3,17,2019-12-15,17:30,1
3029234,698,664,1-0,17,2019-12-14,16:00,1
3029235,661,711,0-1,17,2019-12-14,16:00,1
3029236,679,703,1-1,17,2019-12-16,20:45,1
3029237,682,677,1-1,17,2019-12-14,16:00,1
3029238,663,696,2-0,17,2019-12-14,13:30,1
3029239,662,674,1-1,17,2019-12-15,15:00,1
3029240,687,665,2-0,17,2019-12-14,16:00,1
3029241,670,684,0-1,17,2019-12-14,18:30,1
3029242,680,675,1-2,17,2019-12-15,15:00,1
3029243,711,698,0-1,18,2019-12-21,16:00,1
3029244,665,670,1-3,18,2019-12-21,16:00,1
3029245,703,687,0-1,18,2019-12-21,16:00,1
3029246,674,660,0-0,18,2019-12-21,13:30,1
3029247,676,682,3-1,18,2019-12-21,18:30,1
3029248,664,679,1-0,18,2019-12-21,16:00,1
3029249,677,680,1-2,18,2019-12-21,16:00,1
3029250,675,661,0-2,18,2019-12-22,17:30,1
3029251,696,662,2-0,18,2019-12-22,15:00,1
3029252,684,663,0-2,18,2020-1-29,20:45,1
3029253,711,660,1-1,19,2019-12-26,16:00,1
3029254,665,677,1-0,19,2019-12-26,16:00,1
3029255,661,670,0-2,19,2019-12-26,16:00,1
3029256,679,684,2-1,19,2019-12-26,16:00,1
3029257,674,698,1-0,19,2019-12-26,16:00,1
3029258,682,663,0-4,19,2019-12-26,21:00,1
3029259,662,664,4-1,19,2019-12-26,18:30,1
3029260,687,696,1-1,19,2019-12-26,16:00,1
3029261,675,703,2-1,19,2019-12-26,13:30,1
3029262,680,676,3-2,19,2019-12-27,20:45,1
3029263,660,661,1-2,20,2019-12-29,15:00,1
3029264,703,711,2-0,20,2019-12-28,13:30,1
3029265,698,662,0-2,20,2019-12-28,20:45,1
3029266,663,680,1-0,20,2019-12-29,17:30,1
3029267,676,687,2-0,20,2019-12-29,19:00,1
3029268,664,674,1-2,20,2019-12-28,16:00,1
3029269,677,675,2-2,20,2019-12-28,18:30,1
3029270,670,679,1-1,20,2019-12-28,16:00,1
3029271,696,665,3-0,20,2019-12-28,16:00,1
3029272,684,682,1-2,20,2019-12-28,18:30,1
3029273,660,662,2-0,21,2020-1-1,21:00,1
3029274,703,661,1-1,21,2020-1-1,13:30,1
3029275,698,665,1-2,21,2020-1-1,13:30,1
3029276,663,687,2-0,21,2020-1-2,21:00,1
3029277,676,674,2-1,21,2020-1-1,18:30,1
3029278,664,682,0-3,21,2020-1-1,16:00,1
3029279,677,679,1-1,21,2020-1-1,18:30,1
3029280,670,675,1-0,21,2020-1-1,16:00,1
3029281,696,680,2-1,21,2020-1-1,16:00,1
3029282,684,711,4-0,21,2020-1-1,18:30,1
3029283,711,696,0-3,22,2020-1-12,15:00,1
3029284,665,676,1-6,22,2020-1-12,17:30,1
3029285,661,698,3-0,22,2020-1-11,16:00,1
3029286,679,660,1-1,22,2020-1-11,13:30,1
3029287,674,703,1-0,22,2020-1-11,16:00,1
3029288,682,670,1-2,22,2020-1-11,16:00,1
3029289,662,677,4-0,22,2020-1-11,16:00,1
3029290,687,684,1-0,22,2020-1-10,21:00,1
3029291,675,663,0-1,22,2020-1-11,18:30,1
3029292,680,664,1-1,22,2020-1-11,16:00,1
3029293,660,687,1-1,23,2020-1-18,16:00,1
3029294,703,665,1-1,23,2020-1-18,16:00,1
3029295,698,682,2-1,23,2020-1-19,15:00,1
3029296,663,662,2-0,23,2020-1-19,17:30,1
3029297,676,679,2-2,23,2020-1-18,16:00,1
3029298,664,661,1-0,23,2020-1-18,18:30,1
3029299,677,711,1-0,23,2020-1-18,16:00,1
3029300,670,680,2-3,23,2020-1-18,16:00,1
3029301,696,675,0-0,23,2020-1-18,13:30,1
3029302,684,674,1-1,23,2020-1-18,16:00,1
3029303,711,703,3-1,24,2020-1-21,20:30,1
3029304,665,696,2-1,24,2020-1-21,20:30,1
3029305,674,664,2-2,24,2020-1-21,20:30,1
3029306,682,684,4-1,24,2020-1-22,20:30,1
3029307,662,698,0-2,24,2020-1-22,21:15,1
3029308,687,676,0-1,24,2020-1-21,20:30,1
3029309,680,663,1-2,24,2020-1-23,21:00,1
3029310,661,660,2-2,24,2020-1-21,21:15,1
3029311,679,670,0-2,24,2020-1-21,20:30,1
3029312,675,677,2-1,24,2020-1-22,20:30,1
3029313,711,665,2-1,25,2020-2-1,16:00,1
3029314,698,660,0-0,25,2020-2-2,15:00,1
3029315,679,687,0-1,25,2020-2-1,16:00,1
3029316,682,661,2-2,25,2020-2-1,13:30,1
3029317,663,670,4-0,25,2020-2-1,16:00,1
3029318,662,680,0-0,25,2020-2-1,18:30,1
3029319,664,677,0-0,25,2020-2-1,16:00,1
3029320,675,676,2-0,25,2020-2-2,17:30,1
3029321,696,674,2-3,25,2020-2-1,16:00,1
3029322,684,703,3-3,25,2020-2-1,16:00,1
3029323,660,664,4-0,26,2020-2-16,17:30,1
3029324,665,675,2-3,26,2020-2-16,15:00,1
3029325,703,696,1-1,26,2020-2-8,18:30,1
3029326,661,662,0-2,26,2020-2-17,21:00,1
3029327,674,679,3-1,26,2020-2-8,13:30,1
3029328,676,684,2-0,26,2020-2-19,20:30,1
3029329,677,663,0-1,26,2020-2-15,18:30,1
3029330,687,711,2-1,26,2020-2-9,15:00,1
3029331,670,698,1-2,26,2020-2-15,13:30,1
3029332,680,682,0-0,26,2020-2-14,21:00,1
3029333,660,674,3-2,27,2020-2-23,17:30,1
3029334,698,711,3-0,27,2020-2-22,16:00,1
3029335,661,675,2-1,27,2020-2-22,13:30,1
3029336,679,664,1-0,27,2020-2-22,16:00,1
3029337,682,676,0-1,27,2020-2-22,18:30,1
3029338,663,684,3-2,27,2020-2-24,21:00,1
3029339,662,696,3-0,27,2020-2-23,15:00,1
3029340,687,703,1-1,27,2020-2-22,16:00,1
3029341,670,665,2-0,27,2020-2-22,16:00,1
3029342,680,677,3-0,27,2020-2-23,15:00,1
3029343,711,661,2-2,28,2020-2-29,16:00,1
3029344,665,687,Prestavljena,28,2020-2-29,,1
3029345,703,679,0-1,28,2020-2-29,13:30,1
3029346,674,662,1-1,28,2020-3-1,15:00,1
3029347,676,660,Prestavljena,28,2020-3-11,,1
3029348,664,698,0-0,28,2020-2-29,16:00,1
3029349,677,682,1-0,28,2020-2-28,21:00,1
3029350,675,680,2-3,28,2020-3-1,15:00,1
3029351,696,663,3-0,28,2020-2-29,18:30,1
3029352,684,670,3-1,28,2020-2-29,16:00,1
3029353,660,684,1-0,29,2020-3-7,16:00,1
3029354,698,675,1-1,29,2020-3-7,18:30,1
3029355,661,674,4-0,29,2020-3-8,15:00,1
3029356,679,696,1-0,29,2020-3-7,16:00,1
3029357,682,665,4-0,29,2020-3-9,21:00,1
3029358,663,711,2-1,29,2020-3-7,13:30,1
3029359,662,676,2-0,29,2020-3-8,17:30,1
3029360,687,677,1-0,29,2020-3-7,16:00,1
3029361,670,664,0-1,29,2020-3-7,16:00,1
3029362,680,703,0-0,29,2020-3-7,16:00,1
3029363,711,679,Prestavljena,30,2020-3-14,,1
3029364,665,661,Prestavljena,30,2020-3-14,,1
3029365,703,660,Prestavljena,30,2020-3-14,,1
3029366,674,663,Prestavljena,30,2020-3-16,,1
3029367,676,698,Prestavljena,30,2020-3-14,,1
3029368,664,687,Prestavljena,30,2020-3-14,,1
3029369,677,670,Prestavljena,30,2020-3-14,,1
3029370,675,662,Prestavljena,30,2020-3-15,,1
3029371,696,682,Prestavljena,30,2020-3-14,,1
3029372,684,680,Prestavljena,30,2020-3-15,,1
3029373,698,696,Prestavljena,31,2020-3-21,,1
3029374,661,676,Prestavljena,31,2020-3-21,,1
3029375,682,703,Prestavljena,31,2020-3-22,,1
3029376,663,679,Prestavljena,31,2020-3-21,,1
3029377,662,687,Prestavljena,31,2020-3-22,,1
3029378,664,665,Prestavljena,31,2020-3-21,,1
3029379,677,674,Prestavljena,31,2020-3-21,,1
3029380,670,660,Prestavljena,31,2020-3-22,,1
3029381,675,684,Prestavljena,31,2020-3-20,,1
3029382,680,711,Prestavljena,31,2020-3-22,,1
3029383,711,664,Prestavljena,32,2020-4-4,,1
3029384,660,677,Prestavljena,32,2020-4-4,,1
3029385,665,680,Prestavljena,32,2020-4-4,,1
3029386,703,662,Prestavljena,32,2020-4-4,,1
3029387,679,698,Prestavljena,32,2020-4-4,,1
3029388,674,682,Prestavljena,32,2020-4-6,,1
3029389,676,663,Prestavljena,32,2020-4-5,,1
3029390,687,675,Prestavljena,32,2020-4-4,,1
3029391,696,670,Prestavljena,32,2020-4-4,,1
3029392,684,661,Prestavljena,32,2020-4-5,,1
3029393,698,687,Prestavljena,33,2020-4-11,,1
3029394,661,696,Prestavljena,33,2020-4-12,,1
3029395,682,679,Prestavljena,33,2020-4-11,,1
3029396,663,665,Prestavljena,33,2020-4-12,,1
3029397,662,711,Prestavljena,33,2020-4-11,,1
3029398,664,684,Prestavljena,33,2020-4-10,,1
3029399,677,703,Prestavljena,33,2020-4-11,,1
3029400,670,676,Prestavljena,33,2020-4-11,,1
3029401,675,674,Prestavljena,33,2020-4-11,,1
3029402,680,660,Prestavljena,33,2020-4-13,,1
3029403,711,675,Prestavljena,34,2020-4-18,,1
3029404,660,682,Prestavljena,34,2020-4-18,,1
3029405,665,662,Prestavljena,34,2020-4-19,,1
3029406,703,663,Prestavljena,34,2020-4-20,,1
3029407,679,661,Prestavljena,34,2020-4-18,,1
3029408,674,670,Prestavljena,34,2020-4-18,,1
3029409,676,664,Prestavljena,34,2020-4-18,,1
3029410,687,680,Prestavljena,34,2020-4-19,,1
3029411,696,677,Prestavljena,34,2020-4-18,,1
3029412,684,698,Prestavljena,34,2020-4-18,,1
3029413,711,682,Prestavljena,35,2020-4-25,,1
3029414,665,679,Prestavljena,35,2020-4-27,,1
3029415,703,676,Prestavljena,35,2020-4-25,,1
3029416,663,698,Prestavljena,35,2020-4-25,,1
3029417,662,670,Prestavljena,35,2020-4-25,,1
3029418,677,684,Prestavljena,35,2020-4-25,,1
3029419,687,661,Prestavljena,35,2020-4-26,,1
3029420,675,660,Prestavljena,35,2020-4-26,,1
3029421,696,664,Prestavljena,35,2020-4-25,,1
3029422,680,674,Prestavljena,35,2020-4-25,,1
3029423,660,663,Neodigrana,36,2020-5-2,,1
3029424,698,680,Neodigrana,36,2020-5-2,,1
3029425,661,677,Neodigrana,36,2020-5-2,,1
3029426,679,662,Neodigrana,36,2020-5-2,,1
3029427,674,665,Neodigrana,36,2020-5-2,,1
3029428,682,687,Neodigrana,36,2020-5-2,,1
3029429,676,711,Neodigrana,36,2020-5-2,,1
3029430,664,675,Neodigrana,36,2020-5-2,,1
3029431,670,703,Neodigrana,36,2020-5-2,,1
3029432,684,696,Neodigrana,36,2020-5-2,,1
3029433,711,670,Neodigrana,37,2020-5-9,,1
3029434,665,660,Neodigrana,37,2020-5-9,,1
3029435,703,664,Neodigrana,37,2020-5-9,,1
3029436,663,661,Neodigrana,37,2020-5-9,,1
3029437,662,684,Neodigrana,37,2020-5-9,,1
3029438,677,698,Neodigrana,37,2020-5-9,,1
3029439,687,674,Neodigrana,37,2020-5-9,,1
3029440,675,682,Neodigrana,37,2020-5-9,,1
3029441,696,676,Neodigrana,37,2020-5-9,,1
3029442,680,679,Neodigrana,37,2020-5-9,,1
3029443,660,696,Neodigrana,38,2020-5-17,,1
3029444,698,703,Neodigrana,38,2020-5-17,,1
3029445,661,680,Neodigrana,38,2020-5-17,,1
3029446,679,675,Neodigrana,38,2020-5-17,,1
3029447,674,711,Neodigrana,38,2020-5-17,,1
3029448,682,662,Neodigrana,38,2020-5-17,,1
3029449,676,677,Neodigrana,38,2020-5-17,,1
3029450,664,663,Neodigrana,38,2020-5-17,,1
3029451,670,687,Neodigrana,38,2020-5-17,,1
3029452,684,665,Neodigrana,38,2020-5-17,,1
3111700,1256,1250,0-1,1,2019-8-25,20:45,2
3111701,1259,1270,3-4,1,2019-8-24,20:45,2
3111702,1277,1249,1-1,1,2019-8-25,20:45,2
3111703,1244,1251,4-0,1,2019-8-26,20:45,2
3111704,1243,1242,0-1,1,2019-8-24,18:00,2
3111705,1241,1276,3-3,1,2019-8-25,20:45,2
3111706,1247,1245,0-3,1,2019-8-25,20:45,2
3111707,1287,1255,2-3,1,2019-8-25,20:45,2
3111708,1268,5681,2-1,1,2019-8-25,20:45,2
3111709,1246,1240,1-0,1,2019-8-25,18:00,2
3111710,1255,1268,2-3,2,2019-9-1,20:45,2
3111711,1249,1287,1-0,2,2019-8-30,20:45,2
3111712,1256,1244,1-2,2,2019-9-1,20:45,2
3111713,1276,1259,2-1,2,2019-9-1,20:45,2
3111714,1242,1270,4-3,2,2019-8-31,20:45,2
3111715,1245,1241,1-1,2,2019-9-1,18:00,2
3111716,1251,1277,0-1,2,2019-9-1,20:45,2
3111717,1240,1250,1-0,2,2019-8-31,18:00,2
3111718,5681,1247,4-1,2,2019-9-1,20:45,2
3111719,1246,1243,1-3,2,2019-9-1,20:45,2
3111720,1250,1249,3-4,3,2019-9-15,15:00,2
3111721,1259,1242,0-0,3,2019-9-14,15:00,2
3111722,1276,1255,1-2,3,2019-9-15,12:30,2
3111723,1277,1240,0-1,3,2019-9-15,20:45,2
3111724,1244,1246,1-0,3,2019-9-14,20:45,2
3111725,1270,1247,2-0,3,2019-9-14,18:00,2
3111726,1243,1256,1-3,3,2019-9-15,15:00,2
3111727,1241,5681,4-2,3,2019-9-15,18:00,2
3111728,1287,1245,2-1,3,2019-9-15,15:00,2
3111729,1268,1251,1-2,3,2019-9-16,20:45,2
3111730,1255,1259,2-2,4,2019-9-22,18:00,2
3111731,1249,1241,1-2,4,2019-9-22,15:00,2
3111732,1256,1276,3-1,4,2019-9-20,20:45,2
3111733,1242,1277,2-1,4,2019-9-21,18:00,2
3111734,1245,1243,2-0,4,2019-9-22,20:45,2
3111735,1251,1270,1-4,4,2019-9-22,15:00,2
3111736,1240,1244,0-2,4,2019-9-21,20:45,2
3111737,1247,1268,1-0,4,2019-9-22,15:00,2
3111738,5681,1287,3-0,4,2019-9-22,12:30,2
3111739,1246,1250,0-1,4,2019-9-21,15:00,2
3111740,1250,1242,1-2,5,2019-9-24,21:00,2
3111741,1259,1247,2-1,5,2019-9-25,21:00,2
3111742,1276,1249,0-0,5,2019-9-25,21:00,2
3111743,1277,1246,0-0,5,2019-9-24,19:00,2
3111744,1244,1245,1-0,5,2019-9-25,21:00,2
3111745,1270,1256,0-1,5,2019-9-25,21:00,2
3111746,1243,5681,1-0,5,2019-9-25,21:00,2
3111747,1241,1255,0-2,5,2019-9-25,19:00,2
3111748,1287,1251,1-3,5,2019-9-25,21:00,2
3111749,1268,1240,2-1,5,2019-9-26,21:00,2
3111750,1256,1277,1-1,6,2019-9-29,18:00,2
3111751,1242,1287,2-0,6,2019-9-28,15:00,2
3111752,1245,1276,4-0,6,2019-9-29,15:00,2
3111753,1251,1241,0-1,6,2019-9-29,15:00,2
3111754,1240,1259,1-3,6,2019-9-29,20:45,2
3111755,1270,1250,2-1,6,2019-9-29,12:30,2
3111756,1243,1268,3-2,6,2019-9-30,20:45,2
3111757,1247,1244,1-3,6,2019-9-28,18:00,2
3111758,5681,1255,1-4,6,2019-9-28,20:45,2
3111759,1246,1249,1-0,6,2019-9-29,15:00,2
3111760,1255,1251,3-1,7,2019-10-6,15:00,2
3111761,1249,1245,2-2,7,2019-10-6,15:00,2
3111762,1250,5681,0-2,7,2019-12-18,20:45,2
3111763,1259,1246,1-0,7,2019-10-6,12:30,2
3111764,1276,1240,1-2,7,2019-10-5,20:45,2
3111765,1277,1247,2-0,7,2019-10-5,18:00,2
3111766,1244,1242,1-2,7,2019-10-6,20:45,2
3111767,1241,1256,1-1,7,2019-10-6,15:00,2
3111768,1287,1243,1-0,7,2019-10-5,15:00,2
3111769,1268,1270,0-0,7,2019-10-6,18:00,2
3111770,1250,1259,0-0,8,2019-10-21,21:00,2
3111771,1256,1287,2-0,8,2019-10-20,15:00,2
3111772,1242,1249,2-1,8,2019-10-19,20:45,2
3111773,1245,1255,3-3,8,2019-10-19,15:00,2
3111774,1240,1251,2-2,8,2019-10-20,20:45,2
3111775,1270,1277,2-0,8,2019-10-19,18:00,2
3111776,1243,1276,5-1,8,2019-10-20,18:00,2
3111777,1247,1241,0-0,8,2019-10-20,15:00,2
3111778,5681,1244,3-4,8,2019-10-20,12:30,2
3111779,1246,1268,1-0,8,2019-10-20,15:00,2
3111780,1255,1246,7-1,9,2019-10-27,15:00,2
3111781,1249,1247,2-1,9,2019-10-27,12:30,2
3111782,1259,1245,1-2,9,2019-10-27,20:45,2
3111783,1276,1250,3-1,9,2019-10-26,20:45,2
3111784,1277,5681,0-1,9,2019-10-25,20:45,2
3111785,1244,1243,2-2,9,2019-10-26,18:00,2
3111786,1251,1242,1-1,9,2019-10-26,15:00,2
3111787,1241,1240,2-1,9,2019-10-27,18:00,2
3111788,1287,1270,1-1,9,2019-10-27,15:00,2
3111789,1268,1256,1-1,9,2019-10-27,15:00,2
3111790,1250,1244,1-2,10,2019-10-29,21:00,2
3111791,1256,1249,3-2,10,2019-10-30,21:00,2
3111792,1242,1276,2-1,10,2019-10-30,21:00,2
3111793,1245,1268,4-0,10,2019-10-30,21:00,2
3111794,1240,1287,1-0,10,2019-10-31,21:00,2
3111795,1270,1255,2-2,10,2019-10-30,19:00,2
3111796,1243,1277,0-1,10,2019-10-29,19:00,2
3111797,1247,1251,1-1,10,2019-10-30,21:00,2
3111798,5681,1259,1-2,10,2019-10-30,21:00,2
3111799,1246,1241,0-4,10,2019-10-30,21:00,2
3111800,1255,1256,0-2,11,2019-11-3,12:30,2
3111801,1249,1244,1-2,11,2019-11-2,18:00,2
3111802,1259,1243,1-1,11,2019-11-3,18:00,2
3111803,1276,1246,1-3,11,2019-11-3,15:00,2
3111804,1277,1250,2-1,11,2019-11-3,15:00,2
3111805,1251,5681,2-2,11,2019-11-3,15:00,2
3111806,1240,1245,1-2,11,2019-11-3,20:45,2
3111807,1241,1270,2-1,11,2019-11-2,15:00,2
3111808,1287,1247,0-1,11,2019-11-4,20:45,2
3111809,1268,1242,0-1,11,2019-11-2,20:45,2
3111810,1250,1268,0-4,12,2019-11-9,15:00,2
3111811,1256,1259,5-2,12,2019-11-10,12:30,2
3111812,1244,1277,2-1,12,2019-11-9,18:00,2
3111813,1242,1240,1-0,12,2019-11-10,20:45,2
3111814,1245,1251,4-2,12,2019-11-10,15:00,2
3111815,1270,1276,0-0,12,2019-11-9,20:45,2
3111816,1243,1241,2-0,12,2019-11-10,18:00,2
3111817,1247,1255,0-0,12,2019-11-10,15:00,2
3111818,5681,1249,3-1,12,2019-11-8,20:45,2
3111819,1246,1287,0-0,12,2019-11-10,15:00,2
3111820,1255,1242,1-3,13,2019-11-23,15:00,2
3111821,1249,1243,2-2,13,2019-11-24,12:30,2
3111822,1277,1259,1-0,13,2019-11-24,15:00,2
3111823,1251,1256,2-2,13,2019-11-25,15:00,2
3111824,1240,1270,1-1,13,2019-11-23,18:00,2
3111825,1241,1250,3-0,13,2019-11-24,15:00,2
3111826,1247,1246,2-1,13,2019-11-24,18:00,2
3111827,5681,1245,1-2,13,2019-11-24,15:00,2
3111828,1287,1276,1-1,13,2019-11-25,20:45,2
3111829,1268,1244,0-3,13,2019-11-23,20:45,2
3111830,1250,1255,0-3,14,2019-11-30,15:00,2
3111831,1256,1247,4-3,14,2019-12-2,20:45,2
3111832,1259,1251,0-1,14,2019-11-30,20:45,2
3111833,1276,1268,0-1,14,2019-11-30,18:00,2
3111834,1277,1241,1-3,14,2019-12-1,20:45,2
3111835,1244,1287,2-1,14,2019-12-1,15:00,2
3111836,1242,5681,2-2,14,2019-12-1,12:30,2
3111837,1245,1246,3-0,14,2019-12-1,15:00,2
3111838,1270,1249,1-2,14,2019-12-1,18:00,2
3111839,1243,1240,0-1,14,2019-12-1,15:00,2
3111840,1255,1277,3-2,15,2019-12-7,15:00,2
3111841,1249,1240,2-3,15,2019-12-8,20:45,2
3111842,1244,1241,0-0,15,2019-12-6,20:45,2
3111843,1245,1242,3-1,15,2019-12-7,20:45,2
3111844,1251,1276,2-2,15,2019-12-8,12:30,2
3111845,1247,1243,0-1,15,2019-12-8,18:00,2
3111846,5681,1256,2-2,15,2019-12-8,15:00,2
3111847,1287,1250,0-1,15,2019-12-8,15:00,2
3111848,1268,1259,2-1,15,2019-12-8,15:00,2
3111849,1246,1270,1-1,15,2019-12-7,18:00,2
3111850,1249,1255,2-1,16,2019-12-15,15:00,2
3111851,1250,1251,3-0,16,2019-12-14,15:00,2
3111852,1256,1245,1-2,16,2019-12-16,20:45,2
3111853,1259,1244,1-1,16,2019-12-15,20:45,2
3111854,1276,1247,0-1,16,2019-12-14,20:45,2
3111855,1277,1268,3-3,16,2019-12-15,12:30,2
3111856,1242,1246,3-1,16,2019-12-15,15:00,2
3111857,1240,5681,0-0,16,2019-12-15,15:00,2
3111858,1270,1243,1-2,16,2019-12-14,18:30,2
3111859,1241,1287,3-1,16,2019-12-15,18:00,2
3111860,1255,1240,5-0,17,2019-12-22,12:30,2
3111861,1259,1241,1-4,17,2019-12-20,20:45,2
3111862,1244,1276,4-0,17,2019-12-21,18:00,2
3111863,1245,1277,0-0,17,2020-2-5,20:45,2
3111864,1251,1249,2-3,17,2019-12-22,15:00,2
3111865,1243,1250,1-1,17,2019-12-22,15:00,2
3111866,1247,1242,1-2,17,2019-12-18,18:55,2
3111867,5681,1270,1-2,17,2019-12-22,20:45,2
3111868,1268,1287,1-2,17,2019-12-21,20:45,2
3111869,1246,1256,2-1,17,2019-12-21,15:00,2
3111870,1255,1243,5-0,18,2020-1-6,15:00,2
3111871,1249,1259,1-1,18,2020-1-6,12:30,2
3111872,1250,1245,1-2,18,2020-1-5,12:30,2
3111873,1276,5681,2-1,18,2020-1-5,18:00,2
3111874,1242,1256,4-0,18,2020-1-6,15:00,2
3111875,1251,1246,0-1,18,2020-1-6,18:00,2
3111876,1240,1247,0-0,18,2020-1-6,15:00,2
3111877,1270,1244,1-3,18,2020-1-6,20:45,2
3111878,1241,1268,0-2,18,2020-1-5,20:45,2
3111879,1287,1277,0-2,18,2020-1-5,15:00,2
3111880,1256,1240,0-2,19,2020-1-11,15:00,2
3111881,1259,1287,1-0,19,2020-1-12,15:00,2
3111882,1277,1276,2-1,19,2020-1-12,18:15,2
3111883,1244,1255,1-1,19,2020-1-11,20:45,2
3111884,1245,1270,1-0,19,2020-1-11,18:00,2
3111885,1243,1251,2-0,19,2020-1-13,20:45,2
3111886,1241,1242,1-2,19,2020-1-12,20:45,2
3111887,1247,1250,5-1,19,2020-1-12,15:00,2
3111888,1268,1249,1-0,19,2020-1-12,15:00,2
3111889,1246,5681,3-0,19,2020-1-12,12:30,2
3111890,1250,1256,2-2,20,2020-1-19,15:00,2
3111891,1270,1259,0-2,20,2020-1-18,20:45,2
3111892,1249,1277,1-1,20,2020-1-19,15:00,2
3111893,1251,1244,1-1,20,2020-1-19,15:00,2
3111894,1242,1243,2-1,20,2020-1-19,20:45,2
3111895,1276,1241,1-3,20,2020-1-19,18:00,2
3111896,1245,1247,5-1,20,2020-1-18,15:00,2
3111897,1255,1287,1-2,20,2020-1-20,20:45,2
3111898,5681,1268,2-1,20,2020-1-18,18:00,2
3111899,1240,1246,3-2,20,2020-1-19,12:30,2
3111900,1268,1255,0-7,21,2020-1-25,20:45,2
3111901,1287,1249,1-3,21,2020-1-25,15:00,2
3111902,1244,1256,1-1,21,2020-1-26,12:30,2
3111903,1259,1276,0-0,21,2020-1-25,18:00,2
3111904,1270,1242,2-1,21,2020-1-26,20:45,2
3111905,1241,1245,1-1,21,2020-1-26,18:00,2
3111906,1277,1251,3-0,21,2020-1-26,15:00,2
3111907,1250,1240,0-1,21,2020-1-24,20:45,2
3111908,1247,5681,0-0,21,2020-1-26,15:00,2
3111909,1243,1246,2-0,21,2020-1-26,15:00,2
3111910,1249,1250,2-1,22,2020-2-1,15:00,2
3111911,1242,1259,3-0,22,2020-2-2,12:30,2
3111912,1255,1276,2-2,22,2020-2-2,15:00,2
3111913,1240,1277,1-1,22,2020-2-2,15:00,2
3111914,1246,1244,0-2,22,2020-2-2,20:45,2
3111915,1247,1270,2-4,22,2020-2-3,20:45,2
3111916,1256,1243,2-2,22,2020-2-1,18:00,2
3111917,5681,1241,4-2,22,2020-2-1,20:45,2
3111918,1245,1287,5-1,22,2020-2-2,15:00,2
3111919,1251,1268,4-0,22,2020-2-2,18:00,2
3111920,1259,1255,1-2,23,2020-2-8,15:00,2
3111921,1241,1249,2-3,23,2020-2-7,20:45,2
3111922,1276,1256,1-0,23,2020-2-9,15:00,2
3111923,1277,1242,2-1,23,2020-2-8,20:45,2
3111924,1243,1245,0-1,23,2020-2-9,18:00,2
3111925,1270,1251,2-3,23,2020-2-9,15:00,2
3111926,1244,1240,4-2,23,2020-2-9,20:45,2
3111927,1268,1247,1-3,23,2020-2-8,18:00,2
3111928,1287,5681,1-2,23,2020-2-9,12:30,2
3111929,1250,1246,1-1,23,2020-2-9,15:00,2
3111930,1242,1250,2-0,24,2020-2-16,15:00,2
3111931,1247,1259,1-5,24,2020-2-16,15:00,2
3111932,1249,1276,0-3,24,2020-2-15,18:00,2
3111933,1246,1277,0-0,24,2020-2-16,12:30,2
3111934,1245,1244,2-1,24,2020-2-16,20:45,2
3111935,1256,1270,0-1,24,2020-2-16,18:00,2
3111936,5681,1243,0-1,24,2020-2-16,15:00,2
3111937,1255,1241,2-1,24,2020-2-15,20:45,2
3111938,1251,1287,2-1,24,2020-2-15,15:00,2
3111939,1240,1268,1-0,24,2020-2-17,20:45,2
3111940,1277,1256,Prestavljena,25,2020-3-18,,2
3111941,1287,1242,1-2,25,2020-2-22,18:00,2
3111942,1276,1245,2-3,25,2020-2-23,12:30,2
3111943,1241,1251,4-0,25,2020-2-23,18:00,2
3111944,1259,1240,1-1,25,2020-2-22,20:45,2
3111945,1250,1270,1-2,25,2020-2-21,20:45,2
3111946,1268,1243,Prestavljena,25,2020-3-18,,2
3111947,1244,1247,Prestavljena,25,2020-2-23,,2
3111948,1255,5681,Prestavljena,25,2020-3-18,,2
3111949,1249,1246,1-1,25,2020-2-22,15:00,2
3111950,1251,1255,2-7,26,2020-3-1,15:00,2
3111951,1245,1249,2-0,26,2020-2-29,15:00,2
3111952,5681,1250,3-0,26,2020-3-9,18:30,2
3111953,1246,1259,0-0,26,2020-3-8,18:00,2
3111954,1240,1276,1-2,26,2020-3-8,15:00,2
3111955,1247,1277,2-1,26,2020-3-8,15:00,2
3111956,1242,1244,2-0,26,2020-3-8,20:45,2
3111957,1256,1241,3-4,26,2020-3-1,18:00,2
3111958,1243,1287,0-1,26,2020-3-8,13:45,2
3111959,1270,1268,2-1,26,2020-2-29,20:45,2
3111960,1259,1250,Prestavljena,27,2020-3-15,,2
3111961,1287,1256,Prestavljena,27,2020-3-14,,2
3111962,1249,1242,Prestavljena,27,2020-3-13,,2
3111963,1255,1245,Prestavljena,27,2020-3-15,,2
3111964,1251,1240,Prestavljena,27,2020-3-15,,2
3111965,1277,1270,Prestavljena,27,2020-3-13,,2
3111966,1276,1243,Prestavljena,27,2020-3-14,,2
3111967,1241,1247,Prestavljena,27,2020-3-15,,2
3111968,1244,5681,Prestavljena,27,2020-3-15,,2
3111969,1268,1246,Prestavljena,27,2020-3-14,,2
3111970,1246,1255,Prestavljena,28,2020-3-22,,2
3111971,1247,1249,Prestavljena,28,2020-3-21,,2
3111972,1245,1259,Prestavljena,28,2020-3-20,,2
3111973,1250,1276,Prestavljena,28,2020-3-21,,2
3111974,5681,1277,Prestavljena,28,2020-3-22,,2
3111975,1243,1244,Prestavljena,28,2020-3-22,,2
3111976,1242,1251,Prestavljena,28,2020-3-21,,2
3111977,1240,1241,Prestavljena,28,2020-3-22,,2
3111978,1270,1287,Prestavljena,28,2020-3-22,,2
3111979,1256,1268,Prestavljena,28,2020-3-22,,2
3111980,1244,1250,Prestavljena,29,2020-3-22,,2
3111981,1249,1256,Prestavljena,29,2020-3-22,,2
3111982,1276,1242,Prestavljena,29,2020-3-21,,2
3111983,1268,1245,Prestavljena,29,2020-3-21,,2
3111984,1287,1240,Prestavljena,29,2020-3-21,,2
3111985,1255,1270,Prestavljena,29,2020-3-22,,2
3111986,1277,1243,Prestavljena,29,2020-3-22,,2
3111987,1251,1247,Prestavljena,29,2020-3-22,,2
3111988,1259,5681,Prestavljena,29,2020-3-20,,2
3111989,1241,1246,Prestavljena,29,2020-3-22,,2
3111990,1256,1255,Neodigrana,30,2020-4-4,,2
3111991,1244,1249,Neodigrana,30,2020-4-5,,2
3111992,1243,1259,Neodigrana,30,2020-4-5,,2
3111993,1246,1276,Neodigrana,30,2020-4-6,,2
3111994,1250,1277,Neodigrana,30,2020-4-5,,2
3111995,5681,1251,Neodigrana,30,2020-4-5,,2
3111996,1245,1240,Neodigrana,30,2020-4-5,,2
3111997,1270,1241,Neodigrana,30,2020-4-4,,2
3111998,1247,1287,Neodigrana,30,2020-4-5,,2
3111999,1242,1268,Neodigrana,30,2020-4-4,,2
3112000,1268,1250,Neodigrana,31,2020-4-11,,2
3112001,1259,1256,Neodigrana,31,2020-4-11,,2
3112002,1277,1244,Neodigrana,31,2020-4-11,,2
3112003,1240,1242,Neodigrana,31,2020-4-11,,2
3112004,1251,1245,Neodigrana,31,2020-4-11,,2
3112005,1276,1270,Neodigrana,31,2020-4-11,,2
3112006,1241,1243,Neodigrana,31,2020-4-11,,2
3112007,1255,1247,Neodigrana,31,2020-4-11,,2
3112008,1249,5681,Neodigrana,31,2020-4-11,,2
3112009,1287,1246,Neodigrana,31,2020-4-11,,2
3112010,1242,1255,Neodigrana,32,2020-4-19,,2
3112011,1243,1249,Neodigrana,32,2020-4-19,,2
3112012,1259,1277,Neodigrana,32,2020-4-19,,2
3112013,1256,1251,Neodigrana,32,2020-4-19,,2
3112014,1270,1240,Neodigrana,32,2020-4-19,,2
3112015,1250,1241,Neodigrana,32,2020-4-19,,2
3112016,1246,1247,Neodigrana,32,2020-4-19,,2
3112017,1245,5681,Neodigrana,32,2020-4-19,,2
3112018,1276,1287,Neodigrana,32,2020-4-19,,2
3112019,1244,1268,Neodigrana,32,2020-4-19,,2
3112020,1255,1250,Neodigrana,33,2020-4-22,,2
3112021,1247,1256,Neodigrana,33,2020-4-22,,2
3112022,1251,1259,Neodigrana,33,2020-4-22,,2
3112023,1268,1276,Neodigrana,33,2020-4-22,,2
3112024,1241,1277,Neodigrana,33,2020-4-22,,2
3112025,1287,1244,Neodigrana,33,2020-4-22,,2
3112026,5681,1242,Neodigrana,33,2020-4-22,,2
3112027,1246,1245,Neodigrana,33,2020-4-22,,2
3112028,1249,1270,Neodigrana,33,2020-4-22,,2
3112029,1240,1243,Neodigrana,33,2020-4-22,,2
3112030,1277,1255,Neodigrana,34,2020-4-26,,2
3112031,1240,1249,Neodigrana,34,2020-4-26,,2
3112032,1241,1244,Neodigrana,34,2020-4-26,,2
3112033,1242,1245,Neodigrana,34,2020-4-26,,2
3112034,1276,1251,Neodigrana,34,2020-4-26,,2
3112035,1243,1247,Neodigrana,34,2020-4-26,,2
3112036,1256,5681,Neodigrana,34,2020-4-26,,2
3112037,1250,1287,Neodigrana,34,2020-4-26,,2
3112038,1259,1268,Neodigrana,34,2020-4-26,,2
3112039,1270,1246,Neodigrana,34,2020-4-26,,2
3112040,1255,1249,Neodigrana,35,2020-5-3,,2
3112041,1251,1250,Neodigrana,35,2020-5-3,,2
3112042,1245,1256,Neodigrana,35,2020-5-3,,2
3112043,1244,1259,Neodigrana,35,2020-5-3,,2
3112044,1247,1276,Neodigrana,35,2020-5-3,,2
3112045,1268,1277,Neodigrana,35,2020-5-3,,2
3112046,1246,1242,Neodigrana,35,2020-5-3,,2
3112047,5681,1240,Neodigrana,35,2020-5-3,,2
3112048,1243,1270,Neodigrana,35,2020-5-3,,2
3112049,1287,1241,Neodigrana,35,2020-5-3,,2
3112050,1240,1255,Neodigrana,36,2020-5-10,,2
3112051,1241,1259,Neodigrana,36,2020-5-10,,2
3112052,1276,1244,Neodigrana,36,2020-5-10,,2
3112053,1277,1245,Neodigrana,36,2020-5-10,,2
3112054,1249,1251,Neodigrana,36,2020-5-10,,2
3112055,1250,1243,Neodigrana,36,2020-5-10,,2
3112056,1242,1247,Neodigrana,36,2020-5-10,,2
3112057,1270,5681,Neodigrana,36,2020-5-10,,2
3112058,1287,1268,Neodigrana,36,2020-5-10,,2
3112059,1256,1246,Neodigrana,36,2020-5-10,,2
3112060,1243,1255,Neodigrana,37,2020-5-17,,2
3112061,1259,1249,Neodigrana,37,2020-5-17,,2
3112062,1245,1250,Neodigrana,37,2020-5-17,,2
3112063,5681,1276,Neodigrana,37,2020-5-17,,2
3112064,1256,1242,Neodigrana,37,2020-5-17,,2
3112065,1246,1251,Neodigrana,37,2020-5-17,,2
3112066,1247,1240,Neodigrana,37,2020-5-17,,2
3112067,1244,1270,Neodigrana,37,2020-5-17,,2
3112068,1268,1241,Neodigrana,37,2020-5-17,,2
3112069,1277,1287,Neodigrana,37,2020-5-17,,2
3112070,1240,1256,Neodigrana,38,2020-5-24,,2
3112071,1287,1259,Neodigrana,38,2020-5-24,,2
3112072,1276,1277,Neodigrana,38,2020-5-24,,2
3112073,1255,1244,Neodigrana,38,2020-5-24,,2
3112074,1270,1245,Neodigrana,38,2020-5-24,,2
3112075,1251,1243,Neodigrana,38,2020-5-24,,2
3112076,1242,1241,Neodigrana,38,2020-5-24,,2
3112077,1250,1247,Neodigrana,38,2020-5-24,,2
3112078,1249,1268,Neodigrana,38,2020-5-24,,2
3112079,5681,1246,Neodigrana,38,2020-5-24,,2
3047020,961,974,2-2,1,2019-8-16,20:30,3
3047021,964,1000,5-1,1,2019-8-17,15:30,3
3047022,963,1013,3-2,1,2019-8-17,15:30,3
3047023,971,966,0-0,1,2019-8-17,18:30,3
3047024,968,980,2-1,1,2019-8-17,15:30,3
3047025,979,1001,1-0,1,2019-8-18,15:30,3
3047026,960,1029,1-3,1,2019-8-17,15:30,3
3047027,970,977,3-0,1,2019-8-17,15:30,3
3047028,1026,13410,0-4,1,2019-8-18,18:00,3
3047029,13410,979,2-1,2,2019-8-25,15:30,3
3047030,1001,960,3-2,2,2019-8-24,15:30,3
3047031,1029,963,1-3,2,2019-8-24,15:30,3
3047032,974,968,0-3,2,2019-8-25,18:00,3
3047033,977,971,1-3,2,2019-8-24,15:30,3
3047034,966,961,0-3,2,2019-8-24,18:30,3
3047035,1000,1026,1-1,2,2019-8-24,15:30,3
3047036,980,964,1-3,2,2019-8-23,20:30,3
3047037,1013,970,1-3,2,2019-8-24,15:30,3
3047038,961,977,6-1,3,2019-8-31,15:30,3
3047039,963,1001,0-0,3,2019-8-31,15:30,3
3047040,971,13410,1-3,3,2019-8-30,20:30,3
3047041,968,1013,1-1,3,2019-8-31,15:30,3
3047042,979,1029,2-1,3,2019-9-1,18:00,3
3047043,960,1000,3-2,3,2019-9-1,15:30,3
3047044,970,980,1-2,3,2019-8-31,15:30,3
3047045,966,974,3-0,3,2019-8-31,15:30,3
3047046,1026,964,3-1,3,2019-8-31,18:30,3
3047047,964,963,4-0,4,2019-9-14,15:30,3
3047048,13410,961,1-1,4,2019-9-14,18:30,3
3047049,1001,970,0-3,4,2019-9-15,15:30,3
3047050,1029,968,1-1,4,2019-9-13,20:30,3
3047051,977,974,2-1,4,2019-9-14,15:30,3
3047052,1000,979,2-1,4,2019-9-14,15:30,3
3047053,980,971,0-1,4,2019-9-14,15:30,3
3047054,1013,966,1-5,4,2019-9-15,18:00,3
3047055,1026,960,1-2,4,2019-9-14,15:30,3
3047056,961,980,4-0,5,2019-9-21,15:30,3
3047057,963,1026,2-0,5,2019-9-21,15:30,3
3047058,971,1029,2-1,5,2019-9-22,15:30,3
3047059,968,1001,1-1,5,2019-9-23,20:30,3
3047060,979,964,2-2,5,2019-9-22,18:00,3
3047061,960,13410,0-3,5,2019-9-21,18:30,3
3047062,974,1013,2-1,5,2019-9-21,15:30,3
3047063,970,1000,1-1,5,2019-9-21,15:30,3
3047064,966,977,2-1,5,2019-9-20,20:30,3
3047065,964,960,2-2,6,2019-9-28,18:30,3
3047066,13410,966,1-3,6,2019-9-28,15:30,3
3047067,1001,971,0-3,6,2019-9-28,15:30,3
3047068,1029,970,1-2,6,2019-9-29,15:30,3
3047069,977,968,0-1,6,2019-9-28,15:30,3
3047070,1000,963,0-3,6,2019-9-28,15:30,3
3047071,980,974,0-4,6,2019-9-29,18:00,3
3047072,1013,961,2-3,6,2019-9-28,15:30,3
3047073,1026,979,1-2,6,2019-9-27,20:30,3
3047074,961,1001,1-2,7,2019-10-5,15:30,3
3047075,963,13410,1-1,7,2019-10-5,15:30,3
3047076,971,1000,5-1,7,2019-10-6,13:30,3
3047077,968,1026,1-0,7,2019-10-6,15:30,3
3047078,979,960,2-2,7,2019-10-6,18:00,3
3047079,974,1029,3-1,7,2019-10-4,20:30,3
3047080,970,964,2-2,7,2019-10-5,15:30,3
3047081,966,980,1-1,7,2019-10-5,18:30,3
3047082,1013,977,1-2,7,2019-10-5,15:30,3
3047083,964,971,1-0,8,2019-10-19,18:30,3
3047084,13410,968,1-1,8,2019-10-19,15:30,3
3047085,979,963,3-0,8,2019-10-18,20:30,3
3047086,960,974,1-1,8,2019-10-19,15:30,3
3047087,1001,966,2-0,8,2019-10-20,18:00,3
3047088,1029,977,1-0,8,2019-10-19,15:30,3
3047089,1000,961,2-2,8,2019-10-19,15:30,3
3047090,980,1013,3-0,8,2019-10-20,15:30,3
3047091,1026,970,2-0,8,2019-10-19,15:30,3
3047092,961,1026,2-1,9,2019-10-26,15:30,3
3047093,963,960,2-2,9,2019-10-26,18:30,3
3047094,971,979,4-2,9,2019-10-27,18:00,3
3047095,968,1000,0-0,9,2019-10-27,15:30,3
3047096,974,1001,2-3,9,2019-10-26,15:30,3
3047097,977,980,3-1,9,2019-10-25,20:30,3
3047098,970,13410,2-1,9,2019-10-26,15:30,3
3047099,966,964,0-0,9,2019-10-26,15:30,3
3047100,1013,1029,2-0,9,2019-10-26,15:30,3
3047101,964,968,3-0,10,2019-11-2,15:30,3
3047102,13410,977,8-0,10,2019-11-2,15:30,3
3047103,963,971,1-2,10,2019-11-2,15:30,3
3047104,979,961,5-1,10,2019-11-2,15:30,3
3047105,960,970,2-2,10,2019-11-2,15:30,3
3047106,1001,1013,3-0,10,2019-11-1,20:30,3
3047107,1029,980,2-0,10,2019-11-3,15:30,3
3047108,1000,966,2-3,10,2019-11-3,18:00,3
3047109,1026,974,1-0,10,2019-11-2,18:30,3
3047110,961,964,4-0,11,2019-11-9,18:30,3
3047111,971,960,3-1,11,2019-11-10,13:30,3
3047112,968,963,0-2,11,2019-11-10,15:30,3
3047113,974,13410,2-4,11,2019-11-9,15:30,3
3047114,977,1026,2-3,11,2019-11-9,15:30,3
3047115,970,979,1-0,11,2019-11-10,18:00,3
3047116,966,1029,3-3,11,2019-11-9,15:30,3
3047117,980,1001,1-2,11,2019-11-8,20:30,3
3047118,1013,1000,0-1,11,2019-11-9,15:30,3
3047119,964,1013,3-3,12,2019-11-22,20:30,3
3047120,13410,980,4-1,12,2019-11-23,18:30,3
3047121,963,970,1-1,12,2019-11-23,15:30,3
3047122,979,968,0-2,12,2019-11-23,15:30,3
3047123,960,966,1-2,12,2019-11-23,15:30,3
3047124,1001,977,1-5,12,2019-11-24,18:00,3
3047125,1029,961,0-4,12,2019-11-23,15:30,3
3047126,1000,974,4-0,12,2019-11-24,15:30,3
3047127,1026,971,2-0,12,2019-11-23,15:30,3
3047128,961,963,1-2,13,2019-11-30,18:30,3
3047129,971,970,4-2,13,2019-12-1,15:30,3
3047130,968,960,2-3,13,2019-12-1,18:00,3
3047131,1001,1029,1-1,13,2019-11-30,15:30,3
3047132,974,964,1-2,13,2019-11-30,15:30,3
3047133,977,979,2-1,13,2019-12-2,20:30,3
3047134,966,1026,2-1,13,2019-11-29,20:30,3
3047135,980,1000,1-1,13,2019-11-30,15:30,3
3047136,1013,13410,2-3,13,2019-11-30,15:30,3
3047137,964,1029,5-0,14,2019-12-7,15:30,3
3047138,13410,1001,3-1,14,2019-12-7,15:30,3
3047139,963,966,2-1,14,2019-12-7,18:30,3
3047140,971,961,2-1,14,2019-12-7,15:30,3
3047141,979,974,2-2,14,2019-12-6,20:30,3
3047142,960,1013,0-1,14,2019-12-8,18:00,3
3047143,970,968,1-0,14,2019-12-7,15:30,3
3047144,1000,977,2-1,14,2019-12-7,15:30,3
3047145,1026,980,2-0,14,2019-12-8,15:30,3
3047146,961,960,6-1,15,2019-12-14,15:30,3
3047147,968,971,2-1,15,2019-12-15,15:30,3
3047148,1001,1000,2-4,15,2019-12-13,20:30,3
3047149,1029,13410,0-3,15,2019-12-14,18:30,3
3047150,974,970,1-0,15,2019-12-14,15:30,3
3047151,977,964,0-4,15,2019-12-14,15:30,3
3047152,966,979,1-0,15,2019-12-15,18:00,3
3047153,980,963,2-0,15,2019-12-14,15:30,3
3047154,1013,1026,1-1,15,2019-12-14,15:30,3
3047155,964,13410,3-3,16,2019-12-17,20:30,3
3047156,963,974,0-1,16,2019-12-18,18:30,3
3047157,971,1013,2-0,16,2019-12-18,20:30,3
3047158,968,966,1-1,16,2019-12-18,20:30,3
3047159,979,980,2-4,16,2019-12-18,20:30,3
3047160,960,977,0-5,16,2019-12-17,18:30,3
3047161,970,961,1-3,16,2019-12-18,20:30,3
3047162,1000,1029,3-0,16,2019-12-17,20:30,3
3047163,1026,1001,0-2,16,2019-12-17,20:30,3
3047164,961,968,2-0,17,2019-12-21,15:30,3
3047165,13410,1000,3-1,17,2019-12-21,15:30,3
3047166,1001,964,2-1,17,2019-12-20,20:30,3
3047167,1029,1026,2-1,17,2019-12-22,15:30,3
3047168,974,971,0-0,17,2019-12-21,18:30,3
3047169,977,963,0-1,17,2019-12-21,15:30,3
3047170,966,970,2-2,17,2019-12-21,15:30,3
3047171,980,960,1-0,17,2019-12-21,15:30,3
3047172,1013,979,2-1,17,2019-12-22,18:00,3
3047173,13410,1026,3-1,18,2020-1-18,18:30,3
3047174,1001,979,1-2,18,2020-1-18,15:30,3
3047175,1029,960,0-1,18,2020-1-18,15:30,3
3047176,974,961,0-4,18,2020-1-19,15:30,3
3047177,977,970,1-2,18,2020-1-18,15:30,3
3047178,966,971,2-0,18,2020-1-17,20:30,3
3047179,1000,964,3-5,18,2020-1-18,15:30,3
3047180,980,968,3-1,18,2020-1-18,15:30,3
3047181,1013,963,1-4,18,2020-1-19,18:00,3
3047182,961,966,5-0,19,2020-1-25,18:30,3
3047183,964,980,5-1,19,2020-1-24,20:30,3
3047184,963,1029,3-0,19,2020-1-26,18:00,3
3047185,971,977,3-1,19,2020-1-25,15:30,3
3047186,968,974,1-2,19,2020-1-25,15:30,3
3047187,979,13410,2-0,19,2020-1-25,15:30,3
3047188,960,1001,0-3,19,2020-1-26,15:30,3
3047189,970,1013,0-2,19,2020-1-25,15:30,3
3047190,1026,1000,2-0,19,2020-1-25,15:30,3
3047191,964,1026,5-0,20,2020-2-1,15:30,3
3047192,13410,971,2-2,20,2020-2-1,18:30,3
3047193,1001,963,2-1,20,2020-2-1,15:30,3
3047194,1029,979,1-1,20,2020-2-1,15:30,3
3047195,974,966,0-0,20,2020-1-31,20:30,3
3047196,977,961,1-3,20,2020-2-1,15:30,3
3047197,1000,960,2-1,20,2020-2-1,15:30,3
3047198,980,970,4-0,20,2020-2-2,15:30,3
3047199,1013,968,2-4,20,2020-2-2,18:00,3
3047200,961,13410,0-0,21,2020-2-9,18:00,3
3047201,963,964,4-3,21,2020-2-8,18:30,3
3047202,971,980,2-1,21,2020-3-11,18:30,3
3047203,968,1029,1-1,21,2020-2-8,15:30,3
3047204,979,1000,5-0,21,2020-2-7,20:30,3
3047205,960,1026,0-2,21,2020-2-8,15:30,3
3047206,974,977,1-3,21,2020-2-8,15:30,3
3047207,970,1001,1-0,21,2020-2-8,15:30,3
3047208,966,1013,1-1,21,2020-2-8,15:30,3
3047209,964,979,4-0,22,2020-2-14,20:30,3
3047210,13410,960,3-0,22,2020-2-15,15:30,3
3047211,1001,968,2-3,22,2020-2-15,15:30,3
3047212,1029,971,1-4,22,2020-2-15,18:30,3
3047213,977,966,0-0,22,2020-2-16,18:00,3
3047214,1000,970,1-1,22,2020-2-15,15:30,3
3047215,980,961,1-4,22,2020-2-16,15:30,3
3047216,1013,974,1-2,22,2020-2-15,15:30,3
3047217,1026,963,2-3,22,2020-2-15,15:30,3
3047218,961,1013,3-2,23,2020-2-21,20:30,3
3047219,963,1000,2-0,23,2020-2-23,15:30,3
3047220,971,1001,1-1,23,2020-2-22,15:30,3
3047221,968,977,4-0,23,2020-2-23,18:00,3
3047222,979,1026,1-2,23,2020-2-24,20:30,3
3047223,960,964,0-2,23,2020-2-22,15:30,3
3047224,974,980,0-5,23,2020-2-22,15:30,3
3047225,970,1029,0-2,23,2020-2-22,15:30,3
3047226,966,13410,0-5,23,2020-2-22,18:30,3
3047227,964,970,1-0,24,2020-2-29,15:30,3
3047228,13410,963,1-1,24,2020-3-1,15:30,3
3047229,960,979,Prestavljena,24,2020-3-1,,3
3047230,1001,961,0-6,24,2020-2-29,15:30,3
3047231,1029,974,3-3,24,2020-2-28,20:30,3
3047232,977,1013,2-0,24,2020-2-29,15:30,3
3047233,1000,971,2-3,24,2020-2-29,15:30,3
3047234,980,966,3-0,24,2020-2-29,18:30,3
3047235,1026,968,2-2,24,2020-3-1,13:30,3
3047236,961,1000,2-0,25,2020-3-8,15:30,3
3047237,963,979,4-0,25,2020-3-7,15:30,3
3047238,971,964,1-2,25,2020-3-7,18:30,3
3047239,968,13410,0-0,25,2020-3-7,15:30,3
3047240,974,960,2-2,25,2020-3-7,15:30,3
3047241,977,1029,1-1,25,2020-3-8,18:00,3
3047242,970,1026,3-1,25,2020-3-7,15:30,3
3047243,966,1001,1-1,25,2020-3-7,15:30,3
3047244,1013,980,1-2,25,2020-3-6,20:00,3
3047245,964,966,Prestavljena,26,2020-3-14,,3
3047246,13410,970,Prestavljena,26,2020-3-14,,3
3047247,979,971,Prestavljena,26,2020-3-15,,3
3047248,960,963,Prestavljena,26,2020-3-16,,3
3047249,1001,974,Prestavljena,26,2020-3-14,,3
3047250,1029,1013,Prestavljena,26,2020-3-13,,3
3047251,1000,968,Prestavljena,26,2020-3-15,,3
3047252,980,977,Prestavljena,26,2020-3-14,,3
3047253,1026,961,Prestavljena,26,2020-3-14,,3
3047254,961,979,Prestavljena,27,2020-3-22,,3
3047255,971,963,Prestavljena,27,2020-3-22,,3
3047256,968,964,Prestavljena,27,2020-3-22,,3
3047257,974,1026,Prestavljena,27,2020-3-21,,3
3047258,977,13410,Prestavljena,27,2020-3-20,,3
3047259,970,960,Prestavljena,27,2020-3-21,,3
3047260,966,1000,Prestavljena,27,2020-3-21,,3
3047261,980,1029,Prestavljena,27,2020-3-21,,3
3047262,1013,1001,Prestavljena,27,2020-3-21,,3
3047263,964,961,Neodigrana,28,2020-4-4,,3
3047264,13410,974,Neodigrana,28,2020-4-4,,3
3047265,963,968,Neodigrana,28,2020-4-4,,3
3047266,979,970,Neodigrana,28,2020-4-5,,3
3047267,960,971,Neodigrana,28,2020-4-3,,3
3047268,1001,980,Neodigrana,28,2020-4-4,,3
3047269,1029,966,Neodigrana,28,2020-4-5,,3
3047270,1000,1013,Neodigrana,28,2020-4-4,,3
3047271,1026,977,Neodigrana,28,2020-4-4,,3
3047272,961,1029,Neodigrana,29,2020-4-11,,3
3047273,971,1026,Neodigrana,29,2020-4-11,,3
3047274,968,979,Neodigrana,29,2020-4-11,,3
3047275,974,1000,Neodigrana,29,2020-4-11,,3
3047276,977,1001,Neodigrana,29,2020-4-11,,3
3047277,970,963,Neodigrana,29,2020-4-11,,3
3047278,966,960,Neodigrana,29,2020-4-11,,3
3047279,980,13410,Neodigrana,29,2020-4-11,,3
3047280,1013,964,Neodigrana,29,2020-4-11,,3
3047281,964,974,Neodigrana,30,2020-4-18,,3
3047282,13410,1013,Neodigrana,30,2020-4-18,,3
3047283,963,961,Neodigrana,30,2020-4-18,,3
3047284,979,977,Neodigrana,30,2020-4-18,,3
3047285,960,968,Neodigrana,30,2020-4-18,,3
3047286,1029,1001,Neodigrana,30,2020-4-18,,3
3047287,970,971,Neodigrana,30,2020-4-18,,3
3047288,1000,980,Neodigrana,30,2020-4-18,,3
3047289,1026,966,Neodigrana,30,2020-4-18,,3
3047290,961,971,Neodigrana,31,2020-4-25,,3
3047291,968,970,Neodigrana,31,2020-4-25,,3
3047292,1001,13410,Neodigrana,31,2020-4-25,,3
3047293,1029,964,Neodigrana,31,2020-4-25,,3
3047294,974,979,Neodigrana,31,2020-4-25,,3
3047295,977,1000,Neodigrana,31,2020-4-25,,3
3047296,966,963,Neodigrana,31,2020-4-25,,3
3047297,980,1026,Neodigrana,31,2020-4-25,,3
3047298,1013,960,Neodigrana,31,2020-4-25,,3
3047299,964,977,Neodigrana,32,2020-5-2,,3
3047300,13410,1029,Neodigrana,32,2020-5-2,,3
3047301,963,980,Neodigrana,32,2020-5-2,,3
3047302,971,968,Neodigrana,32,2020-5-2,,3
3047303,979,966,Neodigrana,32,2020-5-2,,3
3047304,960,961,Neodigrana,32,2020-5-2,,3
3047305,970,974,Neodigrana,32,2020-5-2,,3
3047306,1000,1001,Neodigrana,32,2020-5-2,,3
3047307,1026,1013,Neodigrana,32,2020-5-2,,3
3047308,961,970,Neodigrana,33,2020-5-9,,3
3047309,13410,964,Neodigrana,33,2020-5-9,,3
3047310,1001,1026,Neodigrana,33,2020-5-9,,3
3047311,1029,1000,Neodigrana,33,2020-5-9,,3
3047312,974,963,Neodigrana,33,2020-5-9,,3
3047313,977,960,Neodigrana,33,2020-5-9,,3
3047314,966,968,Neodigrana,33,2020-5-9,,3
3047315,980,979,Neodigrana,33,2020-5-9,,3
3047316,1013,971,Neodigrana,33,2020-5-9,,3
3047317,964,1001,Neodigrana,34,2020-5-16,,3
3047318,963,977,Neodigrana,34,2020-5-16,,3
3047319,971,974,Neodigrana,34,2020-5-16,,3
3047320,968,961,Neodigrana,34,2020-5-16,,3
3047321,979,1013,Neodigrana,34,2020-5-16,,3
3047322,960,980,Neodigrana,34,2020-5-16,,3
3047323,970,966,Neodigrana,34,2020-5-16,,3
3047324,1000,13410,Neodigrana,34,2020-5-16,,3
3047325,1026,1029,Neodigrana,34,2020-5-16,,3
3058810,2037,2036,1-0,1,2019-8-18,17:00,4
3058811,2019,2017,1-0,1,2019-8-16,21:00,4
3058812,2020,2039,1-0,1,2019-8-18,22:00,4
3058813,2025,2031,1-2,1,2019-8-18,21:00,4
3058814,2033,2016,1-3,1,2019-8-17,17:00,4
3058815,2032,2021,0-2,1,2019-8-18,19:00,4
3058816,2053,2022,0-1,1,2019-8-17,21:00,4
3058817,2027,2042,2-1,1,2019-8-17,20:00,4
3058818,2015,2028,1-1,1,2019-8-17,19:00,4
3058819,2023,7072,4-4,1,2019-8-17,21:00,4
3058820,2037,2032,0-0,2,2019-8-25,17:00,4
3058821,2017,2025,5-2,2,2019-8-25,21:00,4
3058822,2033,2015,1-0,2,2019-8-24,21:00,4
3058823,2039,2019,1-1,2,2019-8-24,21:00,4
3058824,7072,2021,0-1,2,2019-8-23,20:00,4
3058825,2053,2020,0-1,2,2019-8-25,19:00,4
3058826,2036,2023,2-1,2,2019-8-23,22:00,4
3058827,2027,2028,0-1,2,2019-8-25,17:00,4
3058828,2022,2042,0-0,2,2019-8-24,17:00,4
3058829,2016,2031,1-1,2,2019-8-24,19:00,4
3058830,2019,2028,2-0,3,2019-8-30,22:00,4
3058831,2020,2042,3-2,3,2019-9-1,19:00,4
3058832,2025,2053,2-1,3,2019-8-31,21:00,4
3058833,2032,7072,0-3,3,2019-9-1,19:00,4
3058834,2039,2037,1-1,3,2019-8-31,19:00,4
3058835,2036,2031,2-0,3,2019-8-31,19:00,4
3058836,2022,2017,2-2,3,2019-8-31,17:00,4
3058837,2021,2033,1-1,3,2019-8-30,20:00,4
3058838,2015,2027,2-0,3,2019-9-1,17:00,4
3058839,2023,2016,2-2,3,2019-9-1,21:00,4
3058840,2037,2021,0-1,4,2019-9-15,14:00,4
3058841,2017,2015,5-2,4,2019-9-14,21:00,4
3058842,2025,2039,1-1,4,2019-9-15,21:00,4
3058843,2033,7072,0-2,4,2019-9-15,16:00,4
3058844,2042,2032,1-2,4,2019-9-15,12:00,4
3058845,2053,2023,0-3,4,2019-9-14,16:00,4
3058846,2027,2019,0-0,4,2019-9-13,21:00,4
3058847,2016,2036,3-2,4,2019-9-14,13:00,4
3058848,2028,2020,2-0,4,2019-9-14,18:30,4
3058849,2031,2022,1-1,4,2019-9-15,18:30,4
3058850,2019,2037,2-0,5,2019-9-22,18:30,4
3058851,2020,2033,0-0,5,2019-9-21,18:30,4
3058852,2032,2028,1-3,5,2019-9-22,14:00,4
3058853,2039,2027,4-2,5,2019-9-22,12:00,4
3058854,7072,2017,2-0,5,2019-9-21,21:00,4
3058855,2036,2042,0-0,5,2019-9-21,16:00,4
3058856,2022,2025,0-0,5,2019-9-20,21:00,4
3058857,2021,2016,0-1,5,2019-9-22,21:00,4
3058858,2015,2053,1-1,5,2019-9-22,16:00,4
3058859,2023,2031,2-0,5,2019-9-21,13:00,4
3058860,2017,2023,2-1,6,2019-9-24,21:00,4
3058861,2025,2036,3-1,6,2019-9-24,20:00,4
3058862,2033,2032,1-1,6,2019-9-26,20:00,4
3058863,2042,2021,3-2,6,2019-9-26,19:00,4
3058864,2053,2019,1-1,6,2019-9-25,19:00,4
3058865,2027,2020,0-2,6,2019-9-25,19:00,4
3058866,2016,2022,2-0,6,2019-9-25,21:00,4
3058867,2028,2037,3-0,6,2019-9-26,21:00,4
3058868,2015,2039,3-3,6,2019-9-25,20:00,4
3058869,2031,7072,1-1,6,2019-9-24,19:00,4
3058870,2037,2027,2-0,7,2019-9-29,16:00,4
3058871,2019,2015,0-1,7,2019-9-28,13:00,4
3058872,2020,2016,0-0,7,2019-9-28,21:00,4
3058873,2042,2033,2-0,7,2019-9-29,14:00,4
3058874,2032,2031,0-2,7,2019-9-29,12:00,4
3058875,2039,2017,0-2,7,2019-9-28,16:00,4
3058876,7072,2053,1-0,7,2019-9-28,18:30,4
3058877,2036,2022,1-1,7,2019-9-29,18:30,4
3058878,2021,2028,3-2,7,2019-9-29,21:00,4
3058879,2023,2025,5-1,7,2019-9-27,21:00,4
3058880,2017,2021,4-0,8,2019-10-6,21:00,4
3058881,2025,2042,1-1,8,2019-10-4,21:00,4
3058882,2033,2019,1-0,8,2019-10-6,14:00,4
3058883,2053,2036,1-2,8,2019-10-5,13:00,4
3058884,2027,2032,2-0,8,2019-10-6,12:00,4
3058885,2022,2023,2-1,8,2019-10-5,21:00,4
3058886,2016,7072,4-2,8,2019-10-5,16:00,4
3058887,2028,2039,1-2,8,2019-10-6,18:30,4
3058888,2015,2037,2-1,8,2019-10-5,18:30,4
3058889,2031,2020,0-0,8,2019-10-6,16:00,4
3058890,2037,2033,2-0,9,2019-10-20,12:00,4
3058891,2019,2031,1-1,9,2019-10-20,18:30,4
3058892,2020,2015,1-1,9,2019-10-19,16:00,4
3058893,2042,2017,0-3,9,2019-10-19,13:00,4
3058894,2032,2023,0-1,9,2019-10-20,16:00,4
3058895,2039,2053,2-0,9,2019-10-19,18:30,4
3058896,7072,2022,1-0,9,2019-10-18,21:00,4
3058897,2027,2016,1-0,9,2019-10-19,21:00,4
3058898,2028,2025,3-1,9,2019-10-20,14:00,4
3058899,2021,2036,1-0,9,2019-10-20,21:00,4
3058900,2020,2019,2-0,10,2019-10-26,21:00,4
3058901,2017,2016,0-0,10,2019-12-18,20:00,4
3058902,2033,2028,0-1,10,2019-10-27,12:00,4
3058903,7072,2025,1-0,10,2019-10-27,14:00,4
3058904,2053,2027,1-0,10,2019-10-26,16:00,4
3058905,2036,2032,0-1,10,2019-10-27,16:00,4
3058906,2022,2015,3-1,10,2019-10-27,21:00,4
3058907,2021,2039,2-0,10,2019-10-27,18:30,4
3058908,2023,2037,4-1,10,2019-10-25,21:00,4
3058909,2031,2042,2-0,10,2019-10-26,18:30,4
3058910,2037,2020,1-1,11,2019-10-29,19:00,4
3058911,2019,2032,3-0,11,2019-10-30,20:00,4
3058912,2017,2031,5-1,11,2019-10-29,21:15,4
3058913,2025,2033,2-1,11,2019-10-30,21:00,4
3058914,2042,2023,2-1,11,2019-10-31,19:00,4
3058915,2039,7072,3-1,11,2019-10-31,21:15,4
3058916,2027,2022,2-2,11,2019-10-31,19:00,4
3058917,2016,2053,5-0,11,2019-10-30,21:15,4
3058918,2028,2036,1-2,11,2019-10-30,19:00,4
3058919,2015,2021,1-1,11,2019-10-30,19:00,4
3058920,2033,2039,0-1,12,2019-11-3,18:30,4
3058921,2032,2015,1-2,12,2019-11-2,13:00,4
3058922,7072,2028,1-2,12,2019-11-3,21:00,4
3058923,2053,2042,1-2,12,2019-11-3,18:30,4
3058924,2036,2017,3-1,12,2019-11-2,16:00,4
3058925,2022,2037,4-2,12,2019-11-3,16:00,4
3058926,2016,2025,0-0,12,2019-11-2,21:00,4
3058927,2021,2020,1-1,12,2019-11-2,18:30,4
3058928,2023,2019,0-0,12,2019-11-3,14:00,4
3058929,2031,2027,3-0,12,2019-11-3,12:00,4
3058930,2037,2031,3-0,13,2019-11-9,13:00,4
3058931,2019,2036,2-1,13,2019-11-10,14:00,4
3058932,2020,2032,3-1,13,2019-11-10,16:00,4
3058933,2017,2033,4-1,13,2019-11-9,21:00,4
3058934,2025,2021,1-2,13,2019-11-10,21:00,4
3058935,2042,2016,0-4,13,2019-11-9,18:30,4
3058936,2039,2022,0-0,13,2019-11-10,18:30,4
3058937,2027,2023,3-1,13,2019-11-10,12:00,4
3058938,2028,2053,1-1,13,2019-11-8,21:00,4
3058939,2015,7072,2-0,13,2019-11-9,16:00,4
3058940,2025,2015,2-1,14,2019-11-23,16:00,4
3058941,2042,2037,0-2,14,2019-11-24,16:00,4
3058942,2032,2039,1-1,14,2019-11-24,12:00,4
3058943,7072,2020,1-1,14,2019-11-23,18:30,4
3058944,2053,2017,1-2,14,2019-11-23,13:00,4
3058945,2036,2027,2-1,14,2019-11-22,21:00,4
3058946,2022,2019,1-2,14,2019-11-24,14:00,4
3058947,2016,2028,3-1,14,2019-11-23,21:00,4
3058948,2023,2033,1-3,14,2019-11-24,18:30,4
3058949,2031,2021,0-1,14,2019-11-24,21:00,4
3058950,2037,2016,1-2,15,2019-11-30,13:00,4
3058951,2019,7072,2-0,15,2019-12-1,14:00,4
3058952,2020,2017,0-1,15,2019-12-1,21:00,4
3058953,2033,2031,0-0,15,2019-11-29,21:00,4
3058954,2032,2022,2-4,15,2019-12-1,16:00,4
3058955,2039,2036,4-0,15,2019-12-1,18:30,4
3058956,2027,2025,1-2,15,2019-11-30,18:30,4
3058957,2028,2042,4-1,15,2019-11-30,16:00,4
3058958,2021,2053,1-0,15,2019-12-1,12:00,4
3058959,2015,2023,2-1,15,2019-11-30,21:00,4
3058960,2017,2027,5-2,16,2019-12-7,21:00,4
3058961,2025,2019,3-2,16,2019-12-8,14:00,4
3058962,2042,2039,0-1,16,2019-12-8,12:00,4
3058963,7072,2037,3-0,16,2019-12-7,16:00,4
3058964,2053,2033,3-2,16,2019-12-8,18:30,4
3058965,2036,2015,2-4,16,2019-12-7,18:30,4
3058966,2022,2021,1-1,16,2019-12-8,21:00,4
3058967,2016,2032,2-0,16,2019-12-7,13:00,4
3058968,2023,2020,0-0,16,2019-12-6,21:00,4
3058969,2031,2028,0-0,16,2019-12-8,16:00,4
3058970,2037,2053,1-1,17,2019-12-13,21:00,4
3058971,2019,2042,0-0,17,2019-12-14,18:30,4
3058972,2020,2022,2-0,17,2019-12-14,21:00,4
3058973,2033,2027,2-2,17,2019-12-15,14:00,4
3058974,2032,2025,2-2,17,2019-12-15,16:00,4
3058975,2039,2031,2-0,17,2019-12-15,12:00,4
3058976,7072,2036,1-2,17,2019-12-14,13:00,4
3058977,2028,2017,2-2,17,2019-12-14,16:00,4
3058978,2021,2023,1-2,17,2019-12-15,18:30,4
3058979,2015,2016,1-1,17,2019-12-15,21:00,4
3058980,2017,2037,4-1,18,2019-12-21,16:00,4
3058981,2025,2020,1-2,18,2019-12-22,16:00,4
3058982,2042,7072,3-0,18,2019-12-20,21:00,4
3058983,2053,2032,2-0,18,2019-12-22,12:00,4
3058984,2036,2033,3-1,18,2019-12-22,18:30,4
3058985,2027,2021,0-2,18,2019-12-21,13:00,4
3058986,2022,2028,3-4,18,2019-12-22,14:00,4
3058987,2016,2019,0-0,18,2019-12-22,21:00,4
3058988,2023,2039,1-0,18,2019-12-21,18:30,4
3058989,2031,2015,1-1,18,2019-12-21,21:00,4
3058990,2037,2025,1-1,19,2020-1-5,16:00,4
3058991,2020,2036,2-1,19,2020-1-4,18:30,4
3058992,2033,2022,1-1,19,2020-1-5,21:00,4
3058993,2032,2017,2-2,19,2020-1-4,21:00,4
3058994,2039,2016,0-3,19,2020-1-4,16:00,4
3058995,7072,2027,1-0,19,2020-1-5,12:00,4
3058996,2028,2023,1-2,19,2020-1-5,14:00,4
3058997,2021,2019,1-1,19,2020-1-3,21:00,4
3058998,2015,2042,1-0,19,2020-1-4,13:00,4
3058999,2031,2053,2-2,19,2020-1-3,19:00,4
3059000,2019,2033,1-1,20,2020-1-19,18:30,4
3059001,2017,7072,1-0,20,2020-1-19,21:00,4
3059002,2025,2028,3-0,20,2020-1-19,14:00,4
3059003,2042,2020,2-0,20,2020-1-18,21:00,4
3059004,2053,2039,0-3,20,2020-1-17,21:00,4
3059005,2036,2037,0-1,20,2020-1-18,13:00,4
3059006,2027,2015,4-1,20,2020-1-19,12:00,4
3059007,2022,2031,0-0,20,2020-1-18,18:30,4
3059008,2016,2021,2-1,20,2020-1-18,16:00,4
3059009,2023,2032,1-2,20,2020-1-19,16:00,4
3059010,2037,2023,1-2,21,2020-1-25,18:30,4
3059011,2020,2053,0-0,21,2020-1-26,12:00,4
3059012,2033,2042,0-0,21,2020-1-26,14:00,4
3059013,2032,2019,1-1,21,2020-1-25,13:00,4
3059014,2039,2025,1-0,21,2020-1-26,16:00,4
3059015,2022,2036,2-0,21,2020-1-24,21:00,4
3059016,2028,2027,3-0,21,2020-1-26,18:30,4
3059017,2021,7072,2-0,21,2020-1-25,21:00,4
3059018,2015,2017,2-0,21,2020-1-25,16:00,4
3059019,2031,2016,0-1,21,2020-1-26,21:00,4
3059020,2019,2039,0-2,22,2020-2-2,16:00,4
3059021,2017,2036,2-1,22,2020-2-2,21:00,4
3059022,2042,2025,1-1,22,2020-2-2,14:00,4
3059023,7072,2032,2-1,22,2020-2-1,13:00,4
3059024,2053,2028,2-1,22,2020-2-2,12:00,4
3059025,2027,2031,0-1,22,2020-2-1,18:30,4
3059026,2016,2020,1-0,22,2020-2-1,16:00,4
3059027,2021,2037,1-1,22,2020-2-2,18:30,4
3059028,2015,2033,1-0,22,2020-2-1,21:00,4
3059029,2023,2022,3-1,22,2020-2-2,18:30,4
3059030,2037,2042,2-1,23,2020-2-7,21:00,4
3059031,2020,7072,1-0,23,2020-2-8,21:00,4
3059032,2025,2017,2-3,23,2020-2-9,21:00,4
3059033,2033,2021,2-1,23,2020-2-9,18:30,4
3059034,2032,2027,1-0,23,2020-2-9,12:00,4
3059035,2039,2015,3-0,23,2020-2-8,16:00,4
3059036,2036,2053,2-0,23,2020-2-8,13:00,4
3059037,2022,2016,1-4,23,2020-2-9,16:00,4
3059038,2028,2019,2-1,23,2020-2-9,14:00,4
3059039,2031,2023,1-1,23,2020-2-8,18:30,4
3059040,2019,2022,0-1,24,2020-2-16,18:30,4
3059041,2017,2039,2-1,24,2020-2-15,16:00,4
3059042,2042,2028,1-2,24,2020-3-10,20:00,4
3059043,7072,2031,2-1,24,2020-2-15,21:00,4
3059044,2053,2025,0-0,24,2020-2-16,14:00,4
3059045,2027,2037,1-0,24,2020-2-15,13:00,4
3059046,2016,2033,2-2,24,2020-2-16,21:00,4
3059047,2021,2032,2-2,24,2020-2-16,12:00,4
3059048,2015,2020,2-2,24,2020-2-14,21:00,4
3059049,2023,2036,2-1,24,2020-2-15,18:30,4
3059050,2037,2019,2-1,25,2020-2-23,14:00,4
3059051,2020,2023,3-1,25,2020-2-23,21:00,4
3059052,2017,2042,5-0,25,2020-2-22,16:00,4
3059053,2025,2027,3-3,25,2020-2-21,21:00,4
3059054,2033,2053,1-0,25,2020-2-22,13:00,4
3059055,2039,2021,0-3,25,2020-2-23,18:30,4
3059056,2036,2016,1-0,25,2020-2-22,21:00,4
3059057,2022,7072,0-3,25,2020-2-23,12:00,4
3059058,2028,2015,3-0,25,2020-2-22,18:30,4
3059059,2031,2032,2-1,25,2020-2-23,16:00,4
3059060,2019,2023,1-0,26,2020-3-1,14:00,4
3059061,2042,2036,3-0,26,2020-2-29,13:00,4
3059062,2032,2020,1-1,26,2020-3-1,16:00,4
3059063,7072,2033,0-0,26,2020-2-29,21:00,4
3059064,2053,2037,1-1,26,2020-2-29,18:30,4
3059065,2027,2039,0-1,26,2020-3-1,18:30,4
3059066,2016,2017,2-0,26,2020-3-1,21:00,4
3059067,2028,2031,1-0,26,2020-2-28,21:00,4
3059068,2021,2022,3-2,26,2020-3-1,12:00,4
3059069,2015,2025,2-1,26,2020-2-29,16:00,4
3059070,2037,2015,1-1,27,2020-3-6,21:00,4
3059071,2020,2021,2-2,27,2020-3-7,16:00,4
3059072,2017,2028,1-0,27,2020-3-7,18:30,4
3059073,2025,2016,2-1,27,2020-3-8,21:00,4
3059074,2042,2027,1-2,27,2020-3-7,13:00,4
3059075,2039,2033,0-0,27,2020-3-7,21:00,4
3059076,2036,7072,1-1,27,2020-3-8,16:00,4
3059077,2022,2032,1-0,27,2020-3-8,12:00,4
3059078,2023,2053,1-2,27,2020-3-8,18:30,4
3059079,2031,2019,1-4,27,2020-3-8,14:00,4
3059080,2019,2020,Prestavljena,28,2020-3-15,,4
3059081,2033,2023,Prestavljena,28,2020-3-15,,4
3059082,2032,2037,Prestavljena,28,2020-3-15,,4
3059083,7072,2039,Prestavljena,28,2020-3-15,,4
3059084,2053,2031,Prestavljena,28,2020-3-15,,4
3059085,2027,2017,Prestavljena,28,2020-3-15,,4
3059086,2016,2042,Prestavljena,28,2020-3-15,,4
3059087,2028,2022,Prestavljena,28,2020-3-15,,4
3059088,2021,2025,Prestavljena,28,2020-3-15,,4
3059089,2015,2036,Prestavljena,28,2020-3-15,,4
3059090,2037,2028,Prestavljena,29,2020-3-22,,4
3059091,2017,2053,Prestavljena,29,2020-3-22,,4
3059092,2025,7072,Prestavljena,29,2020-3-22,,4
3059093,2042,2019,Prestavljena,29,2020-3-22,,4
3059094,2039,2032,Prestavljena,29,2020-3-22,,4
3059095,2036,2021,Prestavljena,29,2020-3-22,,4
3059096,2022,2020,Prestavljena,29,2020-3-22,,4
3059097,2016,2015,Prestavljena,29,2020-3-22,,4
3059098,2023,2027,Prestavljena,29,2020-3-22,,4
3059099,2031,2033,Prestavljena,29,2020-3-22,,4
3059100,2019,2025,Neodigrana,30,2020-4-5,,4
3059101,2020,2031,Neodigrana,30,2020-4-5,,4
3059102,2033,2037,Neodigrana,30,2020-4-5,,4
3059103,2032,2036,Neodigrana,30,2020-4-5,,4
3059104,2039,2042,Neodigrana,30,2020-4-5,,4
3059105,7072,2023,Neodigrana,30,2020-4-5,,4
3059106,2027,2053,Neodigrana,30,2020-4-5,,4
3059107,2028,2016,Neodigrana,30,2020-4-5,,4
3059108,2021,2017,Neodigrana,30,2020-4-5,,4
3059109,2015,2022,Neodigrana,30,2020-4-5,,4
3059110,2037,2022,Neodigrana,31,2020-4-12,,4
3059111,2017,2019,Neodigrana,31,2020-4-12,,4
3059112,2025,2032,Neodigrana,31,2020-4-12,,4
3059113,2042,2015,Neodigrana,31,2020-4-12,,4
3059114,2053,7072,Neodigrana,31,2020-4-12,,4
3059115,2036,2020,Neodigrana,31,2020-4-12,,4
3059116,2016,2027,Neodigrana,31,2020-4-12,,4
3059117,2028,2033,Neodigrana,31,2020-4-12,,4
3059118,2023,2021,Neodigrana,31,2020-4-12,,4
3059119,2031,2039,Neodigrana,31,2020-4-12,,4
3059120,2019,2027,Neodigrana,32,2020-4-22,,4
3059121,2020,2037,Neodigrana,32,2020-4-22,,4
3059122,2033,2017,Neodigrana,32,2020-4-22,,4
3059123,2032,2016,Neodigrana,32,2020-4-22,,4
3059124,2039,2028,Neodigrana,32,2020-4-22,,4
3059125,7072,2042,Neodigrana,32,2020-4-22,,4
3059126,2036,2025,Neodigrana,32,2020-4-22,,4
3059127,2022,2053,Neodigrana,32,2020-4-22,,4
3059128,2021,2031,Neodigrana,32,2020-4-22,,4
3059129,2023,2015,Neodigrana,32,2020-4-22,,4
3059130,2037,7072,Neodigrana,33,2020-4-26,,4
3059131,2017,2020,Neodigrana,33,2020-4-26,,4
3059132,2025,2023,Neodigrana,33,2020-4-26,,4
3059133,2042,2022,Neodigrana,33,2020-4-26,,4
3059134,2053,2021,Neodigrana,33,2020-4-26,,4
3059135,2027,2033,Neodigrana,33,2020-4-26,,4
3059136,2016,2039,Neodigrana,33,2020-4-26,,4
3059137,2028,2032,Neodigrana,33,2020-4-26,,4
3059138,2015,2019,Neodigrana,33,2020-4-26,,4
3059139,2031,2036,Neodigrana,33,2020-4-26,,4
3059140,2019,2016,Neodigrana,34,2020-5-3,,4
3059141,2020,2027,Neodigrana,34,2020-5-3,,4
3059142,2033,2025,Neodigrana,34,2020-5-3,,4
3059143,2032,2053,Neodigrana,34,2020-5-3,,4
3059144,7072,2015,Neodigrana,34,2020-5-3,,4
3059145,2036,2028,Neodigrana,34,2020-5-3,,4
3059146,2022,2039,Neodigrana,34,2020-5-3,,4
3059147,2021,2042,Neodigrana,34,2020-5-3,,4
3059148,2023,2017,Neodigrana,34,2020-5-3,,4
3059149,2031,2037,Neodigrana,34,2020-5-3,,4
3059150,2019,2021,Neodigrana,35,2020-5-10,,4
3059151,2017,2032,Neodigrana,35,2020-5-10,,4
3059152,2025,2022,Neodigrana,35,2020-5-10,,4
3059153,2033,2020,Neodigrana,35,2020-5-10,,4
3059154,2042,2053,Neodigrana,35,2020-5-10,,4
3059155,2039,2023,Neodigrana,35,2020-5-10,,4
3059156,2027,2036,Neodigrana,35,2020-5-10,,4
3059157,2016,2037,Neodigrana,35,2020-5-10,,4
3059158,2028,7072,Neodigrana,35,2020-5-10,,4
3059159,2015,2031,Neodigrana,35,2020-5-10,,4
3059160,2037,2039,Neodigrana,36,2020-5-13,,4
3059161,2020,2025,Neodigrana,36,2020-5-13,,4
3059162,2032,2042,Neodigrana,36,2020-5-13,,4
3059163,7072,2016,Neodigrana,36,2020-5-13,,4
3059164,2053,2015,Neodigrana,36,2020-5-13,,4
3059165,2036,2019,Neodigrana,36,2020-5-13,,4
3059166,2022,2033,Neodigrana,36,2020-5-13,,4
3059167,2021,2027,Neodigrana,36,2020-5-13,,4
3059168,2023,2028,Neodigrana,36,2020-5-13,,4
3059169,2031,2017,Neodigrana,36,2020-5-13,,4
3059170,2019,2053,Neodigrana,37,2020-5-17,,4
3059171,2017,2022,Neodigrana,37,2020-5-17,,4
3059172,2025,2037,Neodigrana,37,2020-5-17,,4
3059173,2033,2036,Neodigrana,37,2020-5-17,,4
3059174,2042,2031,Neodigrana,37,2020-5-17,,4
3059175,2039,2020,Neodigrana,37,2020-5-17,,4
3059176,2027,7072,Neodigrana,37,2020-5-17,,4
3059177,2016,2023,Neodigrana,37,2020-5-17,,4
3059178,2028,2021,Neodigrana,37,2020-5-17,,4
3059179,2015,2032,Neodigrana,37,2020-5-17,,4
3059180,2037,2017,Neodigrana,38,2020-5-24,,4
3059181,2020,2028,Neodigrana,38,2020-5-24,,4
3059182,2032,2033,Neodigrana,38,2020-5-24,,4
3059183,7072,2019,Neodigrana,38,2020-5-24,,4
3059184,2053,2016,Neodigrana,38,2020-5-24,,4
3059185,2036,2039,Neodigrana,38,2020-5-24,,4
3059186,2022,2027,Neodigrana,38,2020-5-24,,4
3059187,2021,2015,Neodigrana,38,2020-5-24,,4
3059188,2023,2042,Neodigrana,38,2020-5-24,,4
3059189,2031,2025,Neodigrana,38,2020-5-24,,4
3030547,923,901,1-2,1,2019-8-10,20:00,5
3030548,890,921,0-2,1,2019-8-10,17:30,5
3030549,894,908,2-1,1,2019-8-10,20:00,5
3030550,898,896,1-1,1,2019-8-11,17:00,5
3030551,906,893,0-1,1,2019-8-10,20:00,5
3030552,918,891,3-1,1,2019-8-10,20:00,5
3030553,895,889,2-1,1,2019-8-11,15:00,5
3030554,886,932,3-0,1,2019-8-11,21:00,5
3030555,922,899,1-1,1,2019-8-10,20:00,5
3030556,885,884,0-3,1,2019-8-9,20:45,5
3030557,896,885,3-0,2,2019-8-17,20:00,5
3030558,899,923,1-0,2,2019-8-17,20:00,5
3030559,884,918,6-0,2,2019-8-16,20:45,5
3030560,901,922,1-1,2,2019-8-18,15:00,5
3030561,932,894,1-2,2,2019-8-17,20:00,5
3030562,889,890,0-0,2,2019-8-17,17:30,5
3030563,908,895,1-0,2,2019-8-17,20:00,5
3030564,891,906,1-1,2,2019-8-17,20:00,5
3030565,921,898,0-0,2,2019-8-18,17:00,5
3030566,893,886,2-1,2,2019-8-18,21:00,5
3030567,886,899,4-0,3,2019-8-25,21:00,5
3030568,908,889,1-2,3,2019-8-24,20:00,5
3030569,923,891,0-2,3,2019-8-24,20:00,5
3030570,918,896,3-0,3,2019-8-24,20:00,5
3030571,885,932,2-2,3,2019-8-25,15:00,5
3030572,894,890,1-2,3,2019-8-28,21:00,5
3030573,895,901,3-0,3,2019-8-28,19:00,5
3030574,906,884,1-0,3,2019-8-27,19:00,5
3030575,898,893,0-2,3,2019-8-25,17:00,5
3030576,922,921,1-0,3,2019-8-24,20:00,5
3030577,918,923,2-0,4,2019-8-31,20:00,5
3030578,899,908,2-0,4,2019-8-31,20:00,5
3030579,921,895,2-0,4,2019-9-1,15:00,5
3030580,893,894,1-2,4,2019-9-1,15:00,5
3030581,889,906,1-0,4,2019-8-31,20:00,5
3030582,884,891,1-1,4,2019-8-31,17:30,5
3030583,890,901,1-0,4,2019-9-1,21:00,5
3030584,932,922,3-0,4,2019-8-31,20:00,5
3030585,896,886,0-2,4,2019-8-30,20:45,5
3030586,898,885,2-2,4,2019-9-1,17:00,5
3030587,923,932,0-0,5,2019-9-14,20:00,5
3030588,889,921,1-0,5,2019-9-15,15:00,5
3030589,906,894,2-1,5,2019-9-14,20:00,5
3030590,922,893,0-0,5,2019-9-14,20:00,5
3030591,885,890,3-4,5,2019-9-15,21:00,5
3030592,901,899,2-2,5,2019-9-15,17:00,5
3030593,895,918,2-1,5,2019-9-13,19:00,5
3030594,891,896,2-0,5,2019-9-14,20:00,5
3030595,908,884,2-2,5,2019-9-13,20:45,5
3030596,886,898,1-0,5,2019-9-14,17:30,5
3030597,921,885,0-0,6,2019-9-21,20:00,5
3030598,896,908,1-2,6,2019-9-21,20:00,5
3030599,884,886,0-1,6,2019-9-22,21:00,5
3030600,891,922,2-2,6,2019-9-21,20:00,5
3030601,898,889,2-1,6,2019-9-20,20:45,5
3030602,890,906,1-1,6,2019-9-21,17:30,5
3030603,932,899,1-0,6,2019-9-21,20:00,5
3030604,918,901,4-1,6,2019-9-22,17:00,5
3030605,893,895,1-1,6,2019-9-22,15:00,5
3030606,894,923,2-1,6,2019-9-21,20:00,5
3030607,885,894,3-1,7,2019-9-24,21:00,5
3030608,922,884,2-2,7,2019-9-25,19:00,5
3030609,889,893,1-0,7,2019-9-25,19:00,5
3030610,886,921,0-2,7,2019-9-25,21:00,5
3030611,901,896,0-1,7,2019-9-25,19:00,5
3030612,906,932,1-0,7,2019-9-25,19:00,5
3030613,923,890,0-0,7,2019-9-24,19:00,5
3030614,899,918,0-2,7,2019-9-25,19:00,5
3030615,895,898,2-0,7,2019-9-25,19:00,5
3030616,908,891,1-3,7,2019-9-25,19:00,5
3030617,894,895,1-1,8,2019-9-28,20:00,5
3030618,891,886,0-1,8,2019-9-28,17:30,5
3030619,918,908,1-1,8,2019-9-28,20:00,5
3030620,885,922,4-1,8,2019-9-28,20:00,5
3030621,896,899,2-2,8,2019-9-28,20:00,5
3030622,884,889,0-1,8,2019-9-28,13:30,5
3030623,898,906,1-0,8,2019-9-29,15:00,5
3030624,890,893,1-1,8,2019-9-29,21:00,5
3030625,932,901,0-1,8,2019-9-29,17:00,5
3030626,921,923,1-2,8,2019-9-28,20:00,5
3030627,893,921,0-1,9,2019-10-6,17:00,5
3030628,923,898,1-0,9,2019-10-5,20:00,5
3030629,908,890,3-1,9,2019-10-4,20:45,5
3030630,906,885,3-1,9,2019-10-5,20:00,5
3030631,895,932,2-2,9,2019-10-6,15:00,5
3030632,886,918,4-0,9,2019-10-5,17:30,5
3030633,899,891,1-3,9,2019-10-5,20:00,5
3030634,922,896,2-0,9,2019-10-5,20:00,5
3030635,901,884,1-0,9,2019-10-6,21:00,5
3030636,889,894,1-0,9,2019-10-5,20:00,5
3030637,921,906,1-0,10,2019-10-19,20:00,5
3030638,918,922,0-1,10,2019-10-19,20:00,5
3030639,896,889,1-0,10,2019-10-19,20:00,5
3030640,899,895,2-1,10,2019-10-19,20:00,5
3030641,894,886,1-4,10,2019-10-18,20:45,5
3030642,891,901,0-1,10,2019-10-20,15:00,5
3030643,932,908,1-1,10,2019-10-19,20:00,5
3030644,890,898,2-0,10,2019-10-20,21:00,5
3030645,884,923,0-0,10,2019-10-19,17:30,5
3030646,885,893,3-2,10,2019-10-20,17:00,5
3030647,898,894,1-0,11,2019-10-26,20:00,5
3030648,893,899,3-2,11,2019-10-27,15:00,5
3030649,901,908,2-2,11,2019-10-27,17:00,5
3030650,922,923,2-0,11,2019-10-26,20:00,5
3030651,884,896,2-0,11,2019-10-26,20:00,5
3030652,886,890,4-0,11,2019-10-27,21:00,5
3030653,889,885,0-1,11,2019-10-25,20:45,5
3030654,921,932,0-0,11,2019-10-26,20:00,5
3030655,906,918,0-0,11,2019-10-26,20:00,5
3030656,895,891,3-0,11,2019-10-26,17:30,5
3030657,891,889,2-0,12,2019-11-3,15:00,5
3030658,932,893,0-1,12,2020-1-15,19:00,5
3030659,890,895,2-1,12,2019-11-2,17:30,5
3030660,901,885,1-0,12,2019-11-3,21:00,5
3030661,896,906,2-2,12,2019-11-2,20:00,5
3030662,899,884,2-3,12,2019-11-2,20:00,5
3030663,923,886,2-1,12,2019-11-1,20:45,5
3030664,918,898,1-0,12,2019-11-2,20:00,5
3030665,908,922,1-0,12,2019-11-2,20:00,5
3030666,894,921,2-0,12,2019-11-3,17:00,5
3030667,890,884,2-1,13,2019-11-10,21:00,5
3030668,906,899,3-0,13,2019-11-10,17:00,5
3030669,894,891,1-1,13,2019-11-8,20:45,5
3030670,885,923,1-0,13,2019-11-9,20:00,5
3030671,893,908,3-1,13,2019-11-10,15:00,5
3030672,895,896,0-0,13,2019-11-9,20:00,5
3030673,922,886,1-2,13,2019-11-9,17:30,5
3030674,921,918,0-0,13,2019-11-9,20:00,5
3030675,898,932,4-1,13,2019-11-9,20:00,5
3030676,889,901,2-3,13,2019-11-10,17:05,5
3030677,899,890,0-2,14,2019-11-24,21:00,5
3030678,886,895,2-0,14,2019-11-22,20:45,5
3030679,884,894,2-1,14,2019-11-23,17:30,5
3030680,922,889,1-1,14,2019-11-23,20:00,5
3030681,891,885,2-1,14,2019-11-24,15:00,5
3030682,896,921,1-1,14,2019-11-23,20:00,5
3030683,901,906,0-0,14,2019-11-24,17:00,5
3030684,908,898,0-4,14,2019-11-23,20:00,5
3030685,918,932,1-0,14,2019-11-23,20:00,5
3030686,923,893,2-1,14,2019-11-23,20:00,5
3030687,898,884,1-2,15,2019-11-30,17:30,5
3030688,921,891,1-1,15,2019-11-30,20:00,5
3030689,885,886,1-4,15,2020-1-15,21:00,5
3030690,932,896,1-1,15,2019-11-30,20:00,5
3030691,889,899,2-1,15,2019-12-1,15:00,5
3030692,893,901,2-1,15,2019-12-1,17:00,5
3030693,890,922,2-1,15,2019-11-29,20:45,5
3030694,906,908,4-2,15,2019-11-30,20:00,5
3030695,895,923,1-0,15,2019-11-30,20:00,5
3030696,894,918,3-1,15,2019-11-30,20:00,5
3030697,886,889,2-0,16,2019-12-4,21:05,5
3030698,891,932,6-0,16,2019-12-3,19:00,5
3030699,901,894,4-1,16,2019-12-4,19:00,5
3030700,923,906,2-2,16,2019-12-4,19:00,5
3030701,908,921,1-1,16,2020-1-15,19:00,5
3030702,884,895,0-1,16,2019-12-3,21:05,5
3030703,918,890,0-2,16,2019-12-3,19:00,5
3030704,922,898,5-0,16,2019-12-3,19:00,5
3030705,899,885,1-2,16,2019-12-4,19:00,5
3030706,896,893,0-1,16,2019-12-4,19:00,5
3030707,932,884,0-4,17,2019-12-6,20:45,5
3030708,894,896,4-1,17,2019-12-7,20:00,5
3030709,906,886,1-3,17,2019-12-7,17:30,5
3030710,893,918,2-1,17,2019-12-7,20:00,5
3030711,921,901,3-1,17,2019-12-8,15:00,5
3030712,889,923,1-0,17,2019-12-8,17:00,5
3030713,898,899,4-2,17,2019-12-7,20:00,5
3030714,890,891,3-1,17,2019-12-8,21:00,5
3030715,885,908,3-0,17,2019-12-7,20:00,5
3030716,895,922,1-0,17,2019-12-6,19:00,5
3030717,932,889,0-1,18,2019-12-14,20:00,5
3030718,901,886,0-4,18,2019-12-15,21:00,5
3030719,884,893,0-1,18,2019-12-15,17:00,5
3030720,918,885,0-0,18,2019-12-14,20:00,5
3030721,891,898,0-1,18,2019-12-15,15:00,5
3030722,899,921,0-1,18,2019-12-14,20:00,5
3030723,895,906,2-1,18,2019-12-13,20:45,5
3030724,896,890,1-1,18,2019-12-14,17:30,5
3030725,908,923,1-1,18,2019-12-14,20:00,5
3030726,922,894,0-0,18,2019-12-14,20:00,5
3030727,906,922,4-0,19,2019-12-21,20:45,5
3030728,923,896,2-2,19,2019-12-21,20:45,5
3030729,893,891,1-0,19,2019-12-21,20:45,5
3030730,898,901,2-1,19,2019-12-21,20:45,5
3030731,885,895,5-1,19,2019-12-21,20:45,5
3030732,921,884,1-1,19,2019-12-21,20:45,5
3030733,889,918,1-2,19,2019-12-21,20:45,5
3030734,894,899,3-0,19,2019-12-21,20:45,5
3030735,886,908,4-1,19,2019-12-21,20:45,5
3030736,890,932,3-1,19,2019-12-21,20:45,5
3030737,899,922,2-5,20,2020-1-11,20:00,5
3030738,908,906,1-2,20,2020-1-11,20:00,5
3030739,891,884,1-2,20,2020-1-11,17:30,5
3030740,918,894,1-1,20,2020-1-11,20:00,5
3030741,893,890,0-1,20,2020-1-10,20:45,5
3030742,932,921,2-0,20,2020-1-11,20:00,5
3030743,896,898,1-0,20,2020-1-11,20:00,5
3030744,923,895,1-0,20,2020-1-12,17:00,5
3030745,886,885,3-3,20,2020-1-12,21:00,5
3030746,901,889,0-2,20,2020-1-12,15:00,5
3030747,922,908,2-1,21,2020-1-25,20:00,5
3030748,885,898,1-3,21,2020-1-25,20:00,5
3030749,890,918,0-0,21,2020-1-25,17:30,5
3030750,906,923,2-1,21,2020-1-25,20:00,5
3030751,921,896,0-1,21,2020-1-25,20:00,5
3030752,889,891,0-1,21,2020-1-26,17:00,5
3030753,894,893,1-1,21,2020-1-24,20:45,5
3030754,884,899,3-0,21,2020-1-26,15:00,5
3030755,895,886,0-2,21,2020-1-26,21:00,5
3030756,901,932,2-1,21,2020-1-25,20:00,5
3030757,893,889,3-2,22,2020-1-31,20:45,5
3030758,894,884,2-1,22,2020-2-2,15:00,5
3030759,923,922,3-0,22,2020-2-1,20:00,5
3030760,932,885,3-1,22,2020-2-1,20:00,5
3030761,886,906,5-0,22,2020-2-1,17:30,5
3030762,918,921,1-4,22,2020-2-1,20:00,5
3030763,898,895,1-2,22,2020-2-1,20:00,5
3030764,908,899,0-0,22,2020-2-1,20:00,5
3030765,891,890,0-0,22,2020-2-2,21:00,5
3030766,896,901,3-1,22,2020-2-2,17:00,5
3030767,889,886,1-2,23,2020-2-4,21:05,5
3030768,899,898,0-1,23,2020-2-5,19:00,5
3030769,901,890,0-2,23,2020-2-5,21:15,5
3030770,921,894,1-1,23,2020-2-5,19:00,5
3030771,932,923,2-0,23,2020-2-5,19:00,5
3030772,906,896,1-1,23,2020-2-5,19:00,5
3030773,895,893,1-0,23,2020-2-4,19:00,5
3030774,885,918,1-0,23,2020-2-4,19:00,5
3030775,884,908,0-0,23,2020-2-5,19:00,5
3030776,922,891,1-1,23,2020-2-5,19:00,5
3030777,893,922,0-0,24,2020-2-8,20:00,5
3030778,886,884,4-2,24,2020-2-9,21:05,5
3030779,906,901,1-0,24,2020-2-9,15:00,5
3030780,923,889,3-3,24,2020-2-8,20:00,5
3030781,918,895,0-2,24,2020-2-7,20:45,5
3030782,908,885,1-2,24,2020-2-8,20:00,5
3030783,894,932,1-3,24,2020-2-8,20:00,5
3030784,890,899,1-0,24,2020-2-8,17:30,5
3030785,896,891,1-2,24,2020-2-8,20:00,5
3030786,898,921,3-0,24,2020-2-9,17:00,5
3030787,908,886,4-4,25,2020-2-15,17:30,5
3030788,891,923,2-2,25,2020-2-15,20:00,5
3030789,922,901,3-2,25,2020-2-16,17:00,5
3030790,889,896,0-0,25,2020-2-15,20:00,5
3030791,899,894,0-2,25,2020-2-15,20:00,5
3030792,884,898,1-1,25,2020-2-16,15:00,5
3030793,885,906,1-0,25,2020-2-14,20:45,5
3030794,895,890,1-2,25,2020-2-16,21:00,5
3030795,932,918,1-0,25,2020-2-15,20:00,5
3030796,921,893,1-0,25,2020-2-16,17:00,5
3030797,896,884,0-2,26,2020-2-21,20:45,5
3030798,893,932,2-1,26,2020-2-23,17:00,5
3030799,894,922,2-2,26,2020-2-21,19:00,5
3030800,895,899,3-0,26,2020-2-22,20:00,5
3030801,923,885,1-1,26,2020-2-22,20:00,5
3030802,901,921,1-1,26,2020-2-23,15:00,5
3030803,890,889,1-3,26,2020-2-22,17:30,5
3030804,886,891,4-3,26,2020-2-23,21:00,5
3030805,898,908,0-0,26,2020-2-22,20:00,5
3030806,918,906,1-0,26,2020-2-22,20:00,5
3030807,884,901,2-0,27,2020-3-1,21:00,5
3030808,908,896,0-1,27,2020-2-29,20:00,5
3030809,922,918,0-1,27,2020-2-29,20:00,5
3030810,891,894,1-1,27,2020-3-1,17:05,5
3030811,886,923,4-0,27,2020-2-29,17:30,5
3030812,899,893,0-2,27,2020-2-29,20:00,5
3030813,885,921,1-1,27,2020-2-29,20:00,5
3030814,932,890,2-3,27,2020-2-28,20:45,5
3030815,906,898,3-0,27,2020-2-29,20:00,5
3030816,889,895,0-1,27,2020-3-1,15:00,5
3030817,894,885,2-1,28,2020-3-7,20:00,5
3030818,898,886,Prestavljena,28,2020-3-18,,5
3030819,923,899,2-1,28,2020-3-7,20:00,5
3030820,895,884,1-0,28,2020-3-8,21:00,5
3030821,901,891,1-1,28,2020-3-8,15:00,5
3030822,918,889,2-0,28,2020-3-7,20:00,5
3030823,890,908,2-2,28,2020-3-6,21:00,5
3030824,896,932,2-1,28,2020-3-7,20:00,5
3030825,893,906,5-0,28,2020-3-8,17:00,5
3030826,921,922,1-0,28,2020-3-7,20:00,5
3030827,886,894,Prestavljena,29,2020-3-15,,5
3030828,884,921,Prestavljena,29,2020-3-13,,5
3030829,889,932,Prestavljena,29,2020-3-14,,5
3030830,908,918,Prestavljena,29,2020-3-14,,5
3030831,899,896,Prestavljena,29,2020-3-14,,5
3030832,922,895,Prestavljena,29,2020-3-14,,5
3030833,891,893,Prestavljena,29,2020-3-15,,5
3030834,885,901,Prestavljena,29,2020-3-15,,5
3030835,898,923,Prestavljena,29,2020-3-14,,5
3030836,906,890,Prestavljena,29,2020-3-14,,5
3030837,894,906,Prestavljena,30,2020-3-21,,5
3030838,896,922,Prestavljena,30,2020-3-21,,5
3030839,895,885,Prestavljena,30,2020-3-20,,5
3030840,921,889,Prestavljena,30,2020-3-22,,5
3030841,890,886,Prestavljena,30,2020-3-22,,5
3030842,901,898,Prestavljena,30,2020-3-22,,5
3030843,932,891,Prestavljena,30,2020-3-21,,5
3030844,918,899,Prestavljena,30,2020-3-21,,5
3030845,893,884,Prestavljena,30,2020-3-21,,5
3030846,923,908,Prestavljena,30,2020-3-21,,5
3030847,906,895,Prestavljena,31,2020-4-4,,5
3030848,922,890,Prestavljena,31,2020-4-5,,5
3030849,899,901,Prestavljena,31,2020-4-4,,5
3030850,884,932,Prestavljena,31,2020-4-5,,5
3030851,885,889,Prestavljena,31,2020-4-5,,5
3030852,891,921,Prestavljena,31,2020-4-5,,5
3030853,886,896,Prestavljena,31,2020-4-5,,5
3030854,923,894,Prestavljena,31,2020-4-5,,5
3030855,908,893,Prestavljena,31,2020-4-5,,5
3030856,898,918,Prestavljena,31,2020-4-5,,5
3030857,889,884,Neodigrana,32,2020-4-11,,5
3030858,918,886,Neodigrana,32,2020-4-11,,5
3030859,890,923,Neodigrana,32,2020-4-11,,5
3030860,896,895,Neodigrana,32,2020-4-11,,5
3030861,932,906,Neodigrana,32,2020-4-11,,5
3030862,894,898,Neodigrana,32,2020-4-11,,5
3030863,891,908,Neodigrana,32,2020-4-11,,5
3030864,922,885,Neodigrana,32,2020-4-11,,5
3030865,921,899,Neodigrana,32,2020-4-11,,5
3030866,901,893,Neodigrana,32,2020-4-11,,5
3030867,899,889,Neodigrana,33,2020-4-18,,5
3030868,885,891,Neodigrana,33,2020-4-18,,5
3030869,906,921,Neodigrana,33,2020-4-18,,5
3030870,908,932,Neodigrana,33,2020-4-18,,5
3030871,886,901,Neodigrana,33,2020-4-18,,5
3030872,895,894,Neodigrana,33,2020-4-18,,5
3030873,898,922,Neodigrana,33,2020-4-18,,5
3030874,884,890,Neodigrana,33,2020-4-19,,5
3030875,893,896,Neodigrana,33,2020-4-18,,5
3030876,923,918,Neodigrana,33,2020-4-18,,5
3030877,884,885,Neodigrana,34,2020-4-26,,5
3030878,891,899,Neodigrana,34,2020-4-26,,5
3030879,893,898,Neodigrana,34,2020-4-26,,5
3030880,901,918,Neodigrana,34,2020-4-26,,5
3030881,889,908,Neodigrana,34,2020-4-26,,5
3030882,921,886,Neodigrana,34,2020-4-26,,5
3030883,896,923,Neodigrana,34,2020-4-26,,5
3030884,932,895,Neodigrana,34,2020-4-26,,5
3030885,890,894,Neodigrana,34,2020-4-26,,5
3030886,922,906,Neodigrana,34,2020-4-26,,5
3030887,886,922,Neodigrana,35,2020-5-2,,5
3030888,923,884,Neodigrana,35,2020-5-2,,5
3030889,885,896,Neodigrana,35,2020-5-2,,5
3030890,895,921,Neodigrana,35,2020-5-2,,5
3030891,906,891,Neodigrana,35,2020-5-2,,5
3030892,894,889,Neodigrana,35,2020-5-2,,5
3030893,908,901,Neodigrana,35,2020-5-2,,5
3030894,898,890,Neodigrana,35,2020-5-2,,5
3030895,899,932,Neodigrana,35,2020-5-2,,5
3030896,918,893,Neodigrana,35,2020-5-2,,5
3030897,901,895,Neodigrana,36,2020-5-9,,5
3030898,921,908,Neodigrana,36,2020-5-9,,5
3030899,891,918,Neodigrana,36,2020-5-9,,5
3030900,932,898,Neodigrana,36,2020-5-9,,5
3030901,899,886,Neodigrana,36,2020-5-9,,5
3030902,893,923,Neodigrana,36,2020-5-9,,5
3030903,896,894,Neodigrana,36,2020-5-9,,5
3030904,889,922,Neodigrana,36,2020-5-9,,5
3030905,890,885,Neodigrana,36,2020-5-9,,5
3030906,884,906,Neodigrana,36,2020-5-9,,5
3030907,923,921,Neodigrana,37,2020-5-16,,5
3030908,895,908,Neodigrana,37,2020-5-16,,5
3030909,898,891,Neodigrana,37,2020-5-16,,5
3030910,886,893,Neodigrana,37,2020-5-16,,5
3030911,922,932,Neodigrana,37,2020-5-16,,5
3030912,894,901,Neodigrana,37,2020-5-16,,5
3030913,890,896,Neodigrana,37,2020-5-16,,5
3030914,918,884,Neodigrana,37,2020-5-16,,5
3030915,906,889,Neodigrana,37,2020-5-16,,5
3030916,885,899,Neodigrana,37,2020-5-16,,5
3030917,893,885,Neodigrana,38,2020-5-23,,5
3030918,896,918,Neodigrana,38,2020-5-23,,5
3030919,899,906,Neodigrana,38,2020-5-23,,5
3030920,932,886,Neodigrana,38,2020-5-23,,5
3030921,889,898,Neodigrana,38,2020-5-23,,5
3030922,901,923,Neodigrana,38,2020-5-23,,5
3030923,908,894,Neodigrana,38,2020-5-23,,5
3030924,921,890,Neodigrana,38,2020-5-23,,5
3030925,891,895,Neodigrana,38,2020-5-23,,5
3030926,884,922,Neodigrana,38,2020-5-23,,5
